compound_id	pref_name	max_phase	canonical_smiles	pubchem_cid	inchikey	alogp	mw	n_vendors	example_vendors	structure_source
CHEMBL3301622	GILTERITINIB	4.0	CCc1nc(C(N)=O)c(Nc2ccc(N3CCC(N4CCN(C)CC4)CC3)c(OC)c2)nc1NC1CCOCC1	49803313	GYQYAJJFPNQOOW-UHFFFAOYSA-N	2.7	552.72	82	001Chemical; 10X CHEM; 1st Scientific; A2B Chem; AA BLOCKS	ChEMBL
CHEMBL2103840	DINACICLIB	3.0	CCc1cnn2c(NCc3ccc[n+]([O-])c3)cc(N3CCCC[C@H]3CCO)nc12	46926350	PIMQWRZWLQKKBJ-SFHVURJKSA-N	2.28	396.5	65	001Chemical; 10X CHEM; A2B Chem; AA BLOCKS; AChemBlock	ChEMBL
CHEMBL5653589			Cc1ccc(C(=O)Nc2cccc(C(F)(F)F)c2)cc1Nc1nc(-c2cccnc2)nc2nn(C)cc12	117602383	MWKSRKSEWLRPBL-UHFFFAOYSA-N	5.75	503.49	29	10X CHEM; A2B Chem; AA BLOCKS; AChemBlock; AKos Consulting & Solutions	ChEMBL
CHEMBL3752910			Cc1ccc(C(=O)Nc2cccc(C(F)(F)F)c2)cc1Nc1nc(-c2cccnc2)nc2c1cnn2C	16747388	ZCCPLJOKGAACRT-UHFFFAOYSA-N	5.75	503.49	68	001Chemical; 10X CHEM; A2B Chem; AA BLOCKS; AChemBlock	ChEMBL
CHEMBL1232461	MOLIBRESIB	2.0	CCNC(=O)C[C@@H]1N=C(c2ccc(Cl)cc2)c2cc(OC)ccc2-n2c(C)nnc21	46943432	AAAQFGUYHFJNHI-SFHVURJKSA-N	3.66	423.9	73	001Chemical; 10X CHEM; 1st Scientific; A2B Chem; AA BLOCKS	ChEMBL
CHEMBL1802814			COc1ccc(Nc2nc3cc4c(=O)cc(-c5ccc(C(=O)N[C@@H](CC(C)C)C(N)=O)cc5)oc4cc3n2[C@H](C)C2CCCCC2)cc1	53362901	JEZQQOPCGJRMDS-IPBJYNAHSA-N	7.33	649.79	0		ChEMBL
CHEMBL1802815			CC(C)CNc1nc2cc3c(=O)cc(-c4ccc(C(=O)N[C@@H](Cc5ccccc5)C(N)=O)cc4)oc3cc2n1Cc1ccccc1	56662893	XDQGSQOIWVSUFW-PMERELPUSA-N	5.75	613.72	0		ChEMBL
CHEMBL1802973			CC(C)C[C@H](NC(=O)c1ccc(-c2cc(=O)c3cc([N+](=O)[O-])c(N[C@H](C)C4CCCCC4)cc3o2)cc1)C(N)=O	53361218	OYKRHXHJPJWNMX-KOSHJBKYSA-N	5.38	548.64	0		ChEMBL
CHEMBL555689			CCn1nc(-c2cccs2)nc2c(=O)n(C)c(=O)nc1-2	653297	DMDNERFCUCYCGM-UHFFFAOYSA-N	0.59	289.32	6	AKos Consulting & Solutions; Ambinter; Ambinter; ChemBridge; Enamine	ChEMBL
CHEMBL559594			CCCCn1nc(-c2ccc(C)s2)[n+]([O-])c2c(=O)n(C)c(=O)nc1-2	45269171	UDMKVJCASYFONX-UHFFFAOYSA-N	0.91	347.4	0		ChEMBL
CHEMBL564799			CCCCn1nc(-c2ccc(C)o2)nc2c(=O)n(C)c(=O)nc1-2	45267447	MYWMFLCKMKZDSX-UHFFFAOYSA-N	1.21	315.33	0		ChEMBL
CHEMBL561125			CCCCn1nc(-c2ccc(C)o2)[n+]([O-])c2c(=O)n(C)c(=O)nc1-2	45268296	HOBFQPKNKRULRW-UHFFFAOYSA-N	0.44	331.33	0		ChEMBL
CHEMBL562794			CCn1nc(-c2ccco2)nc2c(=O)n(C)c(=O)nc1-2	45272588	YPGAYOUQBDJBPU-UHFFFAOYSA-N	0.12	273.25	0		ChEMBL
CHEMBL560663			CCCCn1nc(-c2ncc[nH]2)nc2c(=O)n(C)c(=O)nc1-2	135965889	QLOFRZSKJFSZHA-UHFFFAOYSA-N	0.03	301.31	0		ChEMBL
CHEMBL550249			CCCCn1nc(-c2nccs2)nc2c(=O)n(C)c(=O)nc1-2	45270872	XJPHETUDAMHBCJ-UHFFFAOYSA-N	0.76	318.36	0		ChEMBL
CHEMBL558033			CCCCn1nc(-c2ccc3ccccc3n2)nc2c(=O)n(C)c(=O)nc1-2	45269185	WURCSYLFHHVRHA-UHFFFAOYSA-N	1.85	362.39	0		ChEMBL
CHEMBL564316			CCCCn1nc(-c2nc3ccccc3s2)nc2c(=O)n(C)c(=O)nc1-2	44556046	REUQOCZUYLFNNL-UHFFFAOYSA-N	1.91	368.42	0		ChEMBL
CHEMBL559039			CC(C)CCn1nc(-c2nc3ccccc3s2)nc2c(=O)n(C)c(=O)nc1-2	45272597	MYDWOGMGSXXIBZ-UHFFFAOYSA-N	2.16	382.45	0		ChEMBL
CHEMBL550251			CC(C)Cn1nc(-c2nc3ccccc3s2)nc2c(=O)n(C)c(=O)nc1-2	45270874	BIUGJTQNFKZQGD-UHFFFAOYSA-N	1.77	368.42	0		ChEMBL
CHEMBL565134			Cn1c(=O)nc2n(Cc3ccccc3)nc(-c3nc4ccccc4s3)nc-2c1=O	45269197	KXUYENFWLPLQIV-UHFFFAOYSA-N	2.16	402.44	0		ChEMBL
CHEMBL301982	CELASTROL		CC1=C(O)C(=O)C=C2C1=CC=C1[C@@]2(C)CC[C@@]2(C)[C@@H]3C[C@](C)(C(=O)O)CC[C@]3(C)CC[C@]12C	122724	KQJSQWZMSAGSHN-JJWQIEBTSA-N	6.7	450.62	77	001Chemical; AChemBlock; AKos Consulting & Solutions; AbaChemScene; Accela ChemBio Inc.	ChEMBL
CHEMBL1240927			O=CN1CC/C(=C/c2ccc3c(c2)OCO3)C1=O	9859662	LZGGUFLRKIMBDQ-YHYXMXQVSA-N	1.19	245.23	13	AKos Consulting & Solutions; Biorbyt; CATO Research Chemicals Inc.; Chem-Space.com Database; ChemShuttle	ChEMBL
CHEMBL3609826			CNc1ccc([N+](=O)[O-])c(Nc2ccc3[nH]ncc3c2)n1	69894253	NDJJEQIMIJJCLL-UHFFFAOYSA-N	2.65	284.28	61	10X CHEM; A2B Chem; AA BLOCKS; AChemBlock; AKos Consulting & Solutions	ChEMBL
CHEMBL3937369			c1cnc2ncn(-c3cc(Nc4ccc(OCCN5CCCCC5)cn4)ncn3)c2c1	132968992	CODOEMQMKTTYRW-UHFFFAOYSA-N	3.21	416.49	2	BLD Pharm; Starshine Chemical	ChEMBL
CHEMBL3975567			CN1CCC[C@H]1COc1ccc(Nc2cc(-n3cnc4ncccc43)ncn2)nc1	132968991	KXBKPNSSZAFEBH-HNNXBMFYSA-N	2.82	402.46	0		ChEMBL
CHEMBL3946252			CN(C)C1CCN(c2ccc(Nc3cc(-n4cnc5ccccc54)ncn3)nc2)CC1	134147440	KWBCXZRKOCGHBO-UHFFFAOYSA-N	3.48	414.52	0		ChEMBL
CHEMBL3947240			C[C@H]1CN(C)CCN1c1ccc(Nc2cc(-n3cnc4ccccc43)ncn2)nc1	134146959	NLHYGQYUFSGNSW-INIZCTEOSA-N	3.09	400.49	2	AiFChem, an XtalPi Company; BLD Pharm	ChEMBL
CHEMBL3919459			CN1CCN(c2ccc(Nc3cc(-n4cnc5ccccc54)ncn3)nc2)CC1	134140050	AWYBHCVXZFMJHV-UHFFFAOYSA-N	2.71	386.46	0		ChEMBL
CHEMBL3955977			CN1CCC(Oc2ccc(Nc3cc(-n4cnc5ccccc54)ncn3)nc2)CC1	134144556	SNDUMMORNAWFFB-UHFFFAOYSA-N	3.43	401.47	0		ChEMBL
CHEMBL3928361			c1ccc2c(c1)ncn2-c1cc(Nc2ccc(OCCN3CCCCC3)cn2)ncn1	134140744	QLQYWGHSSLXLOS-UHFFFAOYSA-N	3.82	415.5	0		ChEMBL
CHEMBL3900925			c1ccc2c(c1)ncn2-c1cc(Nc2ccc(OCCN3CCOCC3)cn2)ncn1	134133649	REJHOMMDDHCCJU-UHFFFAOYSA-N	2.67	417.47	0		ChEMBL
CHEMBL3972065			CN1CCC[C@@H]1COc1ccc(Nc2cc(-n3cnc4ccccc43)ncn2)nc1	134153731	JCQSAYNTEFQHGH-MRXNPFEDSA-N	3.43	401.47	0		ChEMBL
CHEMBL3953713			CN1CCC[C@H]1COc1ccc(Nc2cc(-n3cnc4ccccc43)ncn2)nc1	134144030	JCQSAYNTEFQHGH-INIZCTEOSA-N	3.43	401.47	0		ChEMBL
CHEMBL3901185			CN(C)CCCc1ccc(Nc2cc(-n3cnc4ccccc43)ncn2)nc1	134133558	NYPBFUANCHGSJU-UHFFFAOYSA-N	3.45	373.46	0		ChEMBL
CHEMBL3944589			c1ccc(Nc2cc(-n3cnc4ccccc43)ncn2)nc1	134145322	UWHMFXHWZZSXIB-UHFFFAOYSA-N	2.95	288.31	0		ChEMBL
CHEMBL3916672			Cc1nc2ccccc2n1-c1cc(Nc2ccc(OCCN(C)C)cn2)ncn1	134143660	JEYSCBUEDROHLD-UHFFFAOYSA-N	3.2	389.46	0		ChEMBL
CHEMBL3964729			Cc1ccc2ncn(-c3cc(Nc4ccc(OCCN(C)C)cn4)ncn3)c2c1	134151279	HRGRQFYTVDLKEE-UHFFFAOYSA-N	3.2	389.46	0		ChEMBL
CHEMBL3911352			CN(C)CCOc1ccc(Nc2cc(-n3cnc4ncccc43)ncn2)nc1	134132642	YTWDOCYUHJCFCG-UHFFFAOYSA-N	2.29	376.42	0		ChEMBL
CHEMBL3936187			CN(C)CCOc1ccc(Nc2cc(-n3cnc4cccnc43)ncn2)nc1	134148891	GZDZXLOEMPRVPY-UHFFFAOYSA-N	2.29	376.42	0		ChEMBL
CHEMBL3891011			CN(C)CCOc1ccc(Nc2cc(-n3ccc4ccccc43)ncn2)nc1	134137362	JCMNYBKEMOQWKZ-UHFFFAOYSA-N	3.5	374.45	0		ChEMBL
CHEMBL3922414			CN(C)CCOc1ccc(Nc2cc(-n3ccnc3)ncn2)nc1	134139906	PKZBARFMXVRZEC-UHFFFAOYSA-N	1.74	325.38	0		ChEMBL
CHEMBL3983798			CN(C)CCCOc1ccc(Nc2cc(-n3cnc4ccccc43)ncn2)nc1	76871873	VKUXBRRQHBTQPW-UHFFFAOYSA-N	3.28	389.46	0		ChEMBL
CHEMBL3919811			CN(C)CCOc1ccc(Nc2cc(-n3cnc4ccccc43)ncn2)nc1	60167947	CQLFRGIYOHYSJV-UHFFFAOYSA-N	2.89	375.44	0		ChEMBL
CHEMBL3923966			CN(C)CCOc1ccc(Nc2cc(-n3cnc4ccccc43)ncn2)cc1	134141913	SJFVFISZPLTGLW-UHFFFAOYSA-N	3.5	374.45	0		ChEMBL
CHEMBL3905315			OCCc1ccc(Nc2cc(-n3cnc4ccccc43)ncn2)cc1	134135737	IARVJKWXSVNCEZ-UHFFFAOYSA-N	3.09	331.38	0		ChEMBL
CHEMBL3967087			CC(C)(C)c1cnc(CSc2cnc(NC(=O)N3CCNCC3)s2)o1	134151342	YTFMKHAFPHBMNE-UHFFFAOYSA-N	3.16	381.53	0		ChEMBL
CHEMBL4070633			Cc1ccc2cc(C(=O)Nc3cc(NC(=O)c4ccc5c(c4)OCCO5)ccc3C)ccc2n1	117996541	RZQWMJAOUJLEAM-UHFFFAOYSA-N	5.13	453.5	17	10X CHEM; A2B Chem; AA BLOCKS; AChemBlock; AbaChemScene	ChEMBL
CHEMBL4087666			Cc1ccc(NC(=O)c2ccc3c(c2)OCCO3)cc1NC(=O)c1ccc2nc(OCCN3CCCC3)ccc2c1	117996749	KLHOCHQJHXNKAS-UHFFFAOYSA-N	5.29	552.63	44	10X CHEM; A2B Chem; AA BLOCKS; AChemBlock; AKos Consulting & Solutions	ChEMBL
CHEMBL4077078			Cc1ccc2cc(C(=O)Nc3cc(NC(=O)c4ccc5c(c4)OCCC5)ccc3C)ccc2n1	122589559	SDVZKQSDNMFMHZ-UHFFFAOYSA-N	5.68	451.53	0		ChEMBL
CHEMBL4099031			Cc1ccc2cc(C(=O)Nc3cc(NC(=O)c4ccc5c(c4)CCCO5)ccc3C)ccc2n1	137660684	VKBSPZLZPRKZJH-UHFFFAOYSA-N	5.68	451.53	0		ChEMBL
CHEMBL4063330			Cc1ccc(NC(=O)c2ccc3c(c2)OCCO3)cc1NC(=O)c1ccc2ncccc2c1	117996828	XROZVWPOMYAOQU-UHFFFAOYSA-N	4.82	439.47	0		ChEMBL
CHEMBL4069552			Cc1ccc(NC(=O)c2ccc3c(c2)OCCO3)cc1NC(=O)c1ccc2ccncc2c1	117996743	ZQOBGHCKTIESSE-UHFFFAOYSA-N	4.82	439.47	0		ChEMBL
CHEMBL4096048			Cc1ccc(NC(=O)c2ccc3c(c2)OCCO3)cc1NC(=O)c1ccc2c(c1)CCCN2	117996588	LLTXIVYBCVSFHB-UHFFFAOYSA-N	4.63	443.5	0		ChEMBL
CHEMBL4070302			CCC(=O)NCCOc1ccc2cc(C(=O)Nc3cc(NC(=O)c4ccc5c(c4)OCCO5)ccc3C)ccc2n1	117996322	CTUDBAMAFBXVJK-UHFFFAOYSA-N	4.72	554.6	0		ChEMBL
CHEMBL4102297			Cc1ccc(NC(=O)c2ccc3c(c2)OCCO3)cc1NC(=O)c1ccc2nc(OCCN)ccc2c1	117996702	YPGVWGQVQWWWMA-UHFFFAOYSA-N	4.16	498.54	2	Enamine; Enamine	ChEMBL
CHEMBL4282794			CSCC[C@H](NC(=O)[C@H](C)NC(=O)[C@H](CC(=O)O)NC(=O)[C@H](CC(C)C)NC(=O)[C@H](Cc1cnc[nH]1)NC(=O)[C@H](CC(=O)O)NC(=O)[C@H](CO)NC(=O)[C@H](CC(C)C)NC(=O)[C@H](CCC(=O)O)NC(=O)[C@H](CC(N)=O)NC(=O)[C@H](CCCCN)NC(=O)[C@H](CC(=O)O)NC(=O)CCNC(=O)CCNC(=O)c1ccc(C(=O)O)c(C2c3ccc(O)cc3OC3=CC(=O)C=CC32)c1)C(=O)N[C@@H](CC(=O)O)C(=O)N[C@@H](CO)C(=O)N[C@@H](CC(N)=O)C(=O)N[C@@H](CC(C)C)C(N)=O	145981106	NRUDKWCWETWQQK-KURBARKFSA-N		2318.42	0		ChEMBL
CHEMBL278315	GELDANAMYCIN	2.0	COC1=C2C[C@@H](C)C[C@H](OC)[C@H](O)[C@@H](C)/C=C(\C)[C@H](OC(N)=O)[C@@H](OC)/C=C\C=C(/C)C(=O)NC(=CC1=O)C2=O	5288382	QTQAWLPCGQOSGP-KSRBKZBZSA-N	2.41	560.64	47	A1 BioChem Labs; AChemBlock; AKos Consulting & Solutions; Acmec Biochemical; Activate Scientific	ChEMBL
CHEMBL170365	acetaldehyde		CC=O					0		ChEMBL
CHEMBL1356	benzoic acid		C1=CC=C(C=C1)C(=O)[O-]					0		ChEMBL
CHEMBL2146121	calcium ions		[Ca+2]					0		ChEMBL
CHEMBL1261	citric acid		C(C(=O)O)C(CC(=O)O)(C(=O)O)O					0		ChEMBL
CHEMBL1200547	chloride		[Cl-]					0		ChEMBL
CHEMBL2105994	salicylate		C1=CC=C(C(=C1)C(=O)O)O					0		ChEMBL
CHEMBL1231071	arsenite		[O-][As]([O-])[O-]					0		ChEMBL
CHEMBL136061	phosphonoacetic acid (PAA		C(C(=O)O)P(=O)(O)O					0		ChEMBL
CHEMBL1046	EACA		C(CCC(=O)O)CCN					0		ChEMBL
CHEMBL692	glycerol		C(C(CO)O)O					0		ChEMBL
PUBCHEM:783	hydrogen		[HH]	783				114	A2B Chem; A2B Chem; AA BLOCKS; AA BLOCKS; AKos Consulting & Solutions	
CHEMBL359504	malonate		C(C(=O)O)C(=O)O					0		ChEMBL
CHEMBL2146125	magnesium		[Mg+2]					0		ChEMBL
PUBCHEM:923	sodium		[Na+]	923				15	Alfa Chemistry; Ambinter; BOC Sciences; BenchChem; BenchChem	
CHEMBL1140	vitamin B		C1=CC(=CN=C1)C(=O)N					0		ChEMBL
CHEMBL1098659	distilled water		[OH-]					0		ChEMBL
CHEMBL1187	phosphate		OP(=O)(O)[O-]					0		ChEMBL
CHEMBL1160571	pyrophosphate		OP(=O)(O)OP(=O)(O)O					0		ChEMBL
CHEMBL2097002	selenate		O[Se](=O)(=O)O					0		ChEMBL
CHEMBL1200456	sulphate		[O-]S(=O)(=O)[O-]					0		ChEMBL
CHEMBL254951	2-mercaptoethanol		C(CS)O					0		ChEMBL
CHEMBL25	aspirin		CC(=O)OC1=CC=CC=C1C(=O)O					0		ChEMBL
PUBCHEM:2514	cadmium		CC(=O)O.CC(=O)O.[Cd]	2514				10	AKos Consulting & Solutions; Alfa Chemistry; CATO Research Chemicals Inc.; Molport; Molport	
CHEMBL388560	diazinon		CCOP(=S)(OCC)OC1=NC(=NC(=C1)C)C(C)C					0		ChEMBL
CHEMBL1241153	ibuprofen		CC(C)CC1=CC=C(C=C1)C(C)C(=O)O					0		ChEMBL
CHEMBL1200864	indomethacin		CC1=C(C2=C(N1C(=O)C3=CC=C(C=C3)Cl)C=CC(=C2)OC)CC(=O)O					0		ChEMBL
CHEMBL1234613	diphosphopyridine nucleotide		C1=CC(=C[N+](=C1)C2C(C(C(O2)COP(=O)([O-])OP(=O)(O)OCC3C(C(C(O3)N4C=NC5=C4N=CN=C5N)O)O)O)O)C(=O)N					0		ChEMBL
CHEMBL14249	MgATP		C1=NC2=C(C(=N1)N)N=CN2C3C(C(C(O3)COP(=O)(O)OP(=O)(O)OP(=O)(O)O)O)O					0		ChEMBL
CHEMBL14830	MgADP		C1=NC2=C(C(=N1)N)N=CN2C3C(C(C(O3)COP(=O)(O)OP(=O)(O)O)O)O					0		ChEMBL
CHEMBL1627073	uridylate		C1=CN(C(=O)NC1=O)C2C(C(C(O2)COP(=O)(O)O)O)O					0		ChEMBL
CHEMBL1315633	adenosine monophosphate		C1=NC2=C(C(=N1)N)N=CN2C3C(C(C(O3)COP(=O)(O)O)O)O					0		ChEMBL
CHEMBL1627075	poly-C		C1=CN(C(=O)N=C1N)C2C(C(C(O2)COP(=O)(O)O)O)O					0		ChEMBL
CHEMBL301523	phenylalanine		C1=CC=C(C=C1)CC(C(=O)O)N					0		ChEMBL
CHEMBL43068	L-valine		CC(C)C(C(=O)O)N					0		ChEMBL
CHEMBL54976	tryptophan		C1=CC=C2C(=C1)C(=CN2)CC(C(=O)O)N					0		ChEMBL
CHEMBL1200391	Tris-HCl		C(C(CO)(CO)N)O					0		ChEMBL
CHEMBL348107	acrylamide		C=CC(=O)N					0		ChEMBL
CHEMBL1627076	guanylate		C1=NC2=C(N1C3C(C(C(O3)COP(=O)(O)O)O)O)NC(=NC2=O)N					0		ChEMBL
PUBCHEM:6830	guanosine triphosphate		C1=NC2=C(N1C3C(C(C(O3)COP(=O)(O)OP(=O)(O)OP(=O)(O)O)O)O)NC(=NC2=O)N	6830				0		
CHEMBL119596	EGEE		CCOCCO					0		ChEMBL
CHEMBL1235226	diethylene glycol		C(COCCO)O					0		ChEMBL
CHEMBL1235254	tetraethylene glycol		C(COCCOCCOCCO)O					0		ChEMBL
CHEMBL1275977	neomycin		C1C(C(C(C(C1N)OC2C(C(C(C(O2)CN)O)O)N)OC3C(C(C(O3)CO)OC4C(C(C(C(O4)CN)O)O)N)O)O)N					0		ChEMBL
CHEMBL384759	guanosine diphosphate		C1=NC2=C(N1C3C(C(C(O3)COP(=O)(O)OP(=O)(O)O)O)O)NC(=NC2=O)N					0		ChEMBL
PUBCHEM:10214	3'-phosphoadenosine 5'-phosphosulfate		C1=NC2=C(C(=N1)N)N=CN2C3C(C(C(O3)COP(=O)(O)OS(=O)(=O)O)OP(=O)(O)O)O	10214				19	AKos Consulting & Solutions; AiFChem, an XtalPi Company; Angene Chemical; BLD Pharm; BOC Sciences	
CHEMBL1255782	emetine		CCC1CN2CCC3=CC(=C(C=C3C2CC1CC4C5=CC(=C(C=C5CCN4)OC)OC)OC)OC					0		ChEMBL
CHEMBL572546	phosphosulfate		C1=NC2=C(C(=N1)N)N=CN2C3C(C(C(O3)COP(=O)(O)OS(=O)(=O)O)O)O					0		ChEMBL
CHEMBL1230866	silver nanoparticles		[C-]#N.[C-]#N.[K+].[Ag+]					0		ChEMBL
CHEMBL1206239	Poly(dA		C1C(C(OC1N2C=NC3=C2N=CN=C3N)COP(=O)(O)O)O					0		ChEMBL
CHEMBL1234326	3-hydroxypicolinic acid		C1=CC(=C(N=C1)C(=O)O)O					0		ChEMBL
PUBCHEM:14888	arsenic trioxide		[O-2].[O-2].[O-2].[As+3].[As+3]	14888				15	Ambinter; BenchChem; CATO Research Chemicals Inc.; Chem-Impex; Chem-Impex	
CHEMBL1167	spectinomycin		CC1CC(=O)C2(C(O1)OC3C(C(C(C(C3O2)NC)O)NC)O)O					0		ChEMBL
CHEMBL3184791	streptomycin		CC1C(C(C(O1)OC2C(C(C(C(C2O)O)N=C(N)N)O)N=C(N)N)OC3C(C(C(C(O3)CO)O)O)NC)(C=O)O.CC1C(C(C(O1)OC2C(C(C(C(C2O)O)N=C(N)N)O)N=C(N)N)OC3C(C(C(C(O3)CO)O)O)NC)(C=O)O.OS(=O)(=O)O.OS(=O)(=O)O.OS(=O)(=O)O					0		ChEMBL
CHEMBL2105054	phosphinate		OP=O					0		ChEMBL
PUBCHEM:23931	mercury		[Hg]	23931				99	10X CHEM; A2B Chem; AA BLOCKS; AKos Consulting & Solutions; Acmec Biochemical	
PUBCHEM:23977	cobalt		[Co].[Co]	23977				0		
CHEMBL1411246	Zn(II		[Zn]					0		ChEMBL
CHEMBL1200929	ZnSO4		[O-]S(=O)(=O)[O-].[Zn+2]					0		ChEMBL
CHEMBL177367	silver nitrate		[N+](=O)([O-])[O-].[Ag+]					0		ChEMBL
CHEMBL1255943	glutamic acid		C(CC(=O)O)C(C(=O)O)N					0		ChEMBL
CHEMBL1230989	AMP-PNP		C1=NC2=C(C(=N1)N)N=CN2C3C(C(C(O3)COP(=O)(O)OP(=O)(NP(=O)(O)O)O)O)O					0		ChEMBL
CHEMBL1233085	Gpp(NH)p		C1=NC2=C(N1C3C(C(C(O3)COP(=O)(O)OP(=O)(NP(=O)(O)O)O)O)O)NC(=NC2=O)N					0		ChEMBL
CHEMBL1229766	pentaethylene glycol		C(COCCOCCOCCOCCO)O					0		ChEMBL
PUBCHEM:64730	glucans		C(C(C(C(C(C=O)O)O)O)O)O.C(C(=O)O)C(CC(=O)O)(C(=O)O)O	64730				11	Aladdin Scientific; Alfa Chemistry; Alfa Chemistry; BOC Sciences; BOC Sciences	
CHEMBL1372	GSSG		C(CC(=O)NC(CSSCC(C(=O)NCC(=O)O)NC(=O)CCC(C(=O)O)N)C(=O)NCC(=O)O)C(C(=O)O)N					0		ChEMBL
CHEMBL1214186	sinefungin		C1=NC2=C(C(=N1)N)N=CN2C3C(C(C(O3)CC(CCC(C(=O)O)N)N)O)O					0		ChEMBL
CHEMBL1171272	girolline		C1=C(NC(=N1)N)C(C(CN)Cl)O					0		ChEMBL
CHEMBL284377	phospho-serine		C(C(C(=O)O)N)OP(=O)(O)O					0		ChEMBL
PUBCHEM:72332	NSC 141633		CC(C)(CCCC(CC(=O)OC)(C(=O)OC1C2C3=CC4=C(C=C3CCN5C2(CCC5)C=C1OC)OCO4)O)O	72332				3	BenchChem; Clinivex; EvitaChem	
CHEMBL215645	rivastigmine		CCN(C)C(=O)OC1=CC=CC(=C1)C(C)N(C)C.C(C(C(=O)O)O)(C(=O)O)O					0		ChEMBL
CHEMBL1234276	2-(N-morpholino)ethanesulfonic acid		C1COCCN1CCS(=O)(=O)O					0		ChEMBL
PUBCHEM:82127	potassium hydride		[H-].[K+]	82127				16	10X CHEM; A2B Chem; AA BLOCKS; AKos Consulting & Solutions; Ambinter	
PUBCHEM:83606	strontium hydride		[H-].[H-].[Sr+2]	83606				10	Accel Scientific; Angene Chemical; BenchChem; CATO Research Chemicals Inc.; CymitQuimica	
PUBCHEM:84265	GalNAc alpha		CC(=O)NC1C(C(C(OC1O)CO)O)O	84265				38	001Chemical; 10X CHEM; A2B Chem; AA BLOCKS; AChemBlock	
CHEMBL1213327	coenzyme A		CC(C)(COP(=O)(O)OP(=O)(O)OCC1C(C(C(O1)N2C=NC3=C2N=CN=C3N)O)OP(=O)(O)O)C(C(=O)NCCC(=O)NCCS)O					0		ChEMBL
CHEMBL171281	D-Cys		C(C(C(=O)O)N)S					0		ChEMBL
PUBCHEM:93082	GMPCPP		C1=NC2=C(N1C3C(C(C(O3)COP(=O)(O)OP(=O)(CP(=O)(O)O)O)O)O)NC(=NC2=O)N	93082				0		
CHEMBL103247	L-Dap		C(C(C(=O)O)N)N					0		ChEMBL
CHEMBL345292	S-hexylglutathione		CCCCCCSCC(C(=O)NCC(=O)O)NC(=O)CCC(C(=O)O)[NH3+]					0		ChEMBL
PUBCHEM:97538	S-(p-nitrobenzyl)glutathione		C1=CC(=CC=C1CSCC(C(=O)NCC(=O)O)NC(=O)CCC(C(=O)O)N)[N+](=O)[O-]	97538				19	001Chemical; 10X CHEM; A2B Chem; AA BLOCKS; AbaChemScene	
CHEMBL378605	C-phenylglycine		C1=CC=C(C=C1)C(C(=O)O)N					0		ChEMBL
CHEMBL113178	selenomethionine		C[Se]CCC(C(=O)O)N					0		ChEMBL
CHEMBL330546	PLLA		CC(C(=O)O)O					0		ChEMBL
CHEMBL1236315	tartrate		C(C(C(=O)[O-])O)(C(=O)[O-])O					0		ChEMBL
PUBCHEM:123991	dehydroalanine		C=C(C(=O)O)N	123991				15	A2B Chem; AA BLOCKS; AKos Consulting & Solutions; Accela ChemBio Inc.; BLD Pharm	
CHEMBL1543	reduced glutathione		C(CC(=O)NC(CS)C(=O)NCC(=O)O)C(C(=O)O)N					0		ChEMBL
CHEMBL574817	3'-phosphoadenosine 5'-phosphate		C1=NC2=C(C(=N1)N)N=CN2C3C(C(C(O3)COP(=O)(O)O)OP(=O)(O)O)O					0		ChEMBL
CHEMBL1229561	poly(2'-O-methyladenylic acid		COC1C(C(OC1N2C=NC3=C2N=CN=C3N)COP(=O)(O)O)O					0		ChEMBL
CHEMBL2206196	paromomycin		C1C(C(C(C(C1N)OC2C(C(C(C(O2)CO)O)O)N)OC3C(C(C(O3)CO)OC4C(C(C(C(O4)CN)O)O)N)O)O)N.[O-]S(=O)(=O)[O-]					0		ChEMBL
PUBCHEM:165838	7-methylguanosine 5'-monophosphate		CN1CN(C2=C1C(=O)N=C(N2)N)C3C(C(C(O3)COP(=O)(O)O)O)O	165838				0		
PUBCHEM:168161	2'-O-methylguanosine 5'-monophosphate		COC1C(C(OC1N2C=NC3=C2NC(=NC3=O)N)COP(=O)(O)O)O	168161				0		
CHEMBL857	anti-biotin		C1C2C(C(S1)CCCCC(=O)O)NC(=O)N2					0		ChEMBL
PUBCHEM:188966	dADP		C1C(C(OC1N2C=NC3=C2N=CN=C3N)COP(=O)(O)OP(=O)(O)O)O	188966				10	AiFChem, an XtalPi Company; Alfa Chemistry; BLD Pharm; BOC Sciences; CATO Research Chemicals Inc.	
PUBCHEM:189854	AC1L4PEN		C1=C(C(=O)NC(=O)N1C2C(C(C(O2)COP(=O)(O)O)O)O)OCC(=O)O	189854				5	BLD Pharm; J&H Chemical Co.,ltd; NewCan Biotech; RR Scientific; Starshine Chemical	
CHEMBL72388	5-methylcytidylic acid		CC1=CN(C(=O)N=C1N)C2C(C(C(O2)COP(=O)(O)O)O)O					0		ChEMBL
CHEMBL197110	gamma-hydroxyglutamic acid		C(C(C(=O)O)N)C(C(=O)O)O					0		ChEMBL
CHEMBL1351908	NSC-33010		CC(C)C1=CC=C(C=C1)C2=NC3=CC=CC=C3S2					0		ChEMBL
CHEMBL423192	anisomycin		CC(=O)OC1C(CNC1CC2=CC=C(C=C2)OC)O					0		ChEMBL
CHEMBL406270	dithiothreitol		C(C(C(CS)O)O)S					0		ChEMBL
PUBCHEM:439417	L-beta-lysine		C(CC(CC(=O)O)N)CN	439417				13	001Chemical; A2B Chem; AA BLOCKS; Ambinter; BLD Pharm	
PUBCHEM:439424	pseudouridylic acid		C1=C(C(=O)NC(=O)N1)C2C(C(C(O2)COP(=O)(O)O)O)O	439424				14	Angene Chemical; BLD Pharm; BOC Sciences; BenchChem; Biorbyt	
CHEMBL2104870	puromycin		CN(C)C1=NC=NC2=C1N=CN2C3C(C(C(O3)CO)NC(=O)C(CC4=CC=C(C=C4)OC)N)O					0		ChEMBL
CHEMBL553426	D-alpha-aminobutyric acid		CCC(C(=O)O)N					0		ChEMBL
PUBCHEM:439750	N-formylmethionine		CSCCC(C(=O)O)NC=O	439750				59	001Chemical; 10X CHEM; A2B Chem; AA BLOCKS; AKos Consulting & Solutions	
PUBCHEM:440416	C04639		C1CN(C(=O)NC1=O)C2C(C(C(O2)COP(=O)(O)O)O)O	440416				4	AA BLOCKS; ChemoSapiens; J&H Chemical Co.,ltd; RR Scientific	
PUBCHEM:440758	adenosine 5'-phosphoselenate		C1=NC2=C(C(=N1)N)N=CN2C3C(C(C(O3)COP(=O)(O)O[Se](=O)(=O)O)O)O	440758				3	BenchChem; EvitaChem; RR Scientific	
CHEMBL126	linezolid		CC(=O)NCC1CN(C(=O)O1)C2=CC(=C(C=C2)N3CCOCC3)F					0		ChEMBL
PUBCHEM:444080	Maval		CC(C)C(C(=O)O)NC	444080				60	10X CHEM; 1st Scientific; A2B Chem; AA BLOCKS; AChemBlock	
PUBCHEM:444104	glutathione sulfonic acid		C(CC(=O)NC(CS(=O)(=O)O)C(=O)NCC(=O)O)C(C(=O)O)N	444104				34	001Chemical; 10X CHEM; A2B Chem; AA BLOCKS; AKos Consulting & Solutions	
PUBCHEM:444493	acetyl-CoA		CC(=O)SCCNC(=O)CCNC(=O)C(C(C)(C)COP(=O)(O)OP(=O)(O)OCC1C(C(C(O1)N2C=NC3=C2N=CN=C3N)O)OP(=O)(O)O)O	444493				37	001Chemical; 10X CHEM; A2B Chem; AA BLOCKS; AKos Consulting & Solutions	
PUBCHEM:444718	L-3-phenyllactic acid		C1=CC=C(C=C1)CC(C(=O)O)O	444718				69	001Chemical; 10X CHEM; A2B Chem; AA BLOCKS; AKos Consulting & Solutions	
CHEMBL165	resveratrol		C1=CC(=CC=C1C=CC2=CC(=CC(=C2)O)O)O					0		ChEMBL
PUBCHEM:446207	D-phenylalanyl		C1=CC=C(C=C1)CC(C=O)N	446207				6	A2B Chem; AA BLOCKS; AKos Consulting & Solutions; Enamine; abcr GmbH	
PUBCHEM:446782	AC1L9K3C		CN(C)C1=NC=NC2=C1N=CN2C3C(C(C(O3)COP(=O)(O)O)NC(=O)C(CC4=CC=C(C=C4)OC)N)O	446782				0		
PUBCHEM:448209	CMP-sialic acid		CC(=O)NC1C(CC(OC1C(C(CO)O)O)(C(=O)O)OP(=O)(O)OCC2C(C(C(O2)N3C=CC(=NC3=O)N)O)O)O	448209				35	10X CHEM; A2B Chem; AA BLOCKS; AChemBlock; AbMole Bioscience	
CHEMBL489	4-hydroxytamoxifen		CCC(=C(C1=CC=C(C=C1)O)C2=CC=C(C=C2)OCCN(C)C)C3=CC=CC=C3					0		ChEMBL
PUBCHEM:451597	PANS 5'-monophosphate		CN(C)C1=NC=NC2=C1N=CN2C3C(C(C(O3)COP(=O)(O)O)N)O	451597				2	RR Scientific; Starshine Chemical	
PUBCHEM:475367	AC1L9SSV		C(C(=O)O)P(=S)(O)O	475367				0		
CHEMBL1488586	AC1LCZ7S		CC(C)(C)C1=CC=C(C=C1)C(=O)NCCOC2=CC=CC=C2F					0		ChEMBL
CHEMBL1605795	AC1LLXX3		CC1=C(C(NC(=O)N1)C2=CC=C(C=C2)F)C(=O)OCC3=CC4=C(C=C3)OCO4					0		ChEMBL
CHEMBL1329446	AC1OCX1K		CC(C)C1=CC=C(C=C1)C2=NN(N=N2)CCC(=O)O					0		ChEMBL
CHEMBL1524482	T6375761		CC1CCN(CC1)C2=CC(=NC3=C(C=NN23)C4=CC=CC=C4)C					0		ChEMBL
CHEMBL1352897	AC1LEXOX		C1CCN(C1)C2=NC(=O)C(=CC=CC3=CC=CC=C3)S2					0		ChEMBL
CHEMBL1537098	ksc-8-51		CC(C)(C)C1=CC=C(O1)C(=O)NC2=CC=C(C=C2)CC(=O)O					0		ChEMBL
CHEMBL405317	AC1LHJD2		C1=CC=C(C=C1)C2=CC=C(C=C2)C3=NC(=NO3)C4=CC=CC=N4					0		ChEMBL
CHEMBL1470676	AC1LI2XE		CC1=CC(=NC(=C1C#N)SCC2=NN=C(O2)C3=CC=CC=C3)C					0		ChEMBL
CHEMBL1361922	AC1LHOAV		CC1=CC(=CC=C1)N2C3=C(C=N2)C(=NC=N3)N(C)C4CCCCC4					0		ChEMBL
CHEMBL1310144	AC1LHQM7		C1=CC=C(C=C1)C2=CN3C(=N2)SC(=N3)C4=CC=CC=C4					0		ChEMBL
CHEMBL1587117	3-[(4-ethoxyphenoxy)methyl]benzoic acid		CCOC1=CC=C(C=C1)OCC2=CC=CC(=C2)C(=O)O					0		ChEMBL
CHEMBL1310435	AC1LK9W8		CC1=C(C=C(C=C1)C(=O)NC2=C(C(=C(S2)C)C3=CC=CC=C3)C(=O)N)[N+](=O)[O-]					0		ChEMBL
PUBCHEM:1151030	LS-40231		CCC1CN2CCC3=CC(=C(C=C3C2CC1CC4C5=CC(=C(C=C5CCN4)OC)OC)OC)OC	1151030				4	Ambinter; BOC Sciences; BenchChem; EvitaChem	
CHEMBL1332512	T5660652		CC1=CC(=C(N1C2=CC=CC=C2)C)C(=O)CSC3=NN=C4N3C=CC=C4					0		ChEMBL
CHEMBL1506503	AC1LOE3E		CC1=C(N=C(C(=C1C)C#N)SCC(=O)NC2=NC3=CC=CC=C3S2)C					0		ChEMBL
CHEMBL1884996	AC1LOZXM		CC1=CC(=C(N1C2=CC=CC=N2)C)C=C3C(=O)N4C5=CC=CC=C5N=C4S3					0		ChEMBL
CHEMBL1518184	AC1LR2WT		CC1=CC(=C(C=C1)OCC(=O)NC(=S)NC2=CC=CC=N2)Br					0		ChEMBL
CHEMBL1461730	AC1LRSO5		CC(C)(C)C(=O)NC1=CN=C(C=C1)NC(=O)C2=CC=CO2					0		ChEMBL
CHEMBL1383149	6W-0211		CC1=CC=C(C=C1)N2C=C(C=N2)C(=O)C3=CC=CC=C3O					0		ChEMBL
CHEMBL1403014	8J-320S		CC1=CC(=CC(=C1OC(=S)N(C)C)C)C(=O)CSC2=CC=C(C=C2)F					0		ChEMBL
CHEMBL15770	sulindac		CC1=C(C2=C(C1=CC3=CC=C(C=C3)S(=O)C)C=CC(=C2)F)CC(=O)[O-]					0		ChEMBL
CHEMBL1910655	AC1MW8TA		CC1=CC(=C(N1C2=CC=CC=C2F)C)C=C3C(=O)N(C(=NC)S3)C					0		ChEMBL
CHEMBL261123	AC1M0U13		CC1=CC(=C(C=C1)C2=NC(=NO2)C3=CC=CC=C3)Cl					0		ChEMBL
CHEMBL1470904	AC1M3MDE		CC(C)OC(=O)C1=C(C2=C(S1)N=C(C=C2)C3=CC=CC=C3)N					0		ChEMBL
CHEMBL1573366	AC1M48EM		C1=CC=C(C=C1)C(=O)C=CNC2=C(C=C(C=C2)F)Br					0		ChEMBL
CHEMBL1606031	AC1M50DI		CC1=CC(=NO1)NC(=O)C2=CC3=C(C=C2)N=C(S3)C					0		ChEMBL
CHEMBL1320007	AC1M597T		CCN1C(=NC2=C1C=CC(=C2)C(=O)NNC(=S)NC3=CC=CC=C3)C					0		ChEMBL
CHEMBL1351963	AC1M5TQX		CC1CC[NH+](CC1)CC(=O)C2=C(N(C(=C2)C)C3=CC=CC=C3F)C					0		ChEMBL
CHEMBL1363796	AC1OBK1Z		CCOC1=CC=CC=C1N2C3=CC=CC=[N+]3C(=C2S)C(=O)NC4=CC=C(C=C4)C					0		ChEMBL
CHEMBL1417851	AC1M6MT7		CC1=CC(=C(N1CCOC)C)C(=O)COC(=O)C2=CC=CC=C2Br					0		ChEMBL
CHEMBL1610938	AC1M6QGF		CC1=CC(=C(N1CC2=CC=CO2)C)C(=O)COC(=O)C3=CC=CO3					0		ChEMBL
CHEMBL1339678	T5517345		C1CCN(CC1)C2=CC=C(C=C2)NC(=O)C3=CC=CC=N3					0		ChEMBL
CHEMBL1392142	AC1M72LB		CC1=CC(=C(N1CC2=CC=CS2)C)C(=O)COC(=O)C3=CC=CC=C3O					0		ChEMBL
CHEMBL1320794	AC1M747X		CC(C)(C)C1=CC=C(C=C1)C(=O)NC(=S)NC2=NC3=C(S2)CCCC3					0		ChEMBL
CHEMBL1406361	AC1Q2HP2		CC1=CC(=C(N1C2=CC=CC=C2)C)C(=O)NC3=CC=C(C=C3)Cl					0		ChEMBL
CHEMBL1525789	AC1Q2U3M		CCC1=CC2=NC(=CN2C=C1)C3=CC(=NO3)C4=CC=CC=C4					0		ChEMBL
CHEMBL1562575	AC1Q5HEM		C1COC2=C(C=C(C=C2)C(=O)CN3C(=O)C4=CC=CC=C4S3(=O)=O)OC1					0		ChEMBL
CHEMBL1605021	AC1ME6L3		CCCS(=O)(=O)C1=CN=C(N=C1N)C2COC3=CC=CC=C3O2					0		ChEMBL
CHEMBL1256987	fusidic acid		CC1C2CCC3(C(C2(CCC1O)C)C(CC4C3(CC(C4=C(CCC=C(C)C)C(=O)O)OC(=O)C)C)O)C					0		ChEMBL
CHEMBL441	thiopentone		CCCC(C)C1(C(=O)NC(=S)NC1=O)CC					0		ChEMBL
PUBCHEM:3080744	poly(rCm		COC1C(C(OC1N2C=CC(=NC2=O)N)COP(=O)(O)O)O	3080744				9	Alfa Chemistry; BOC Sciences; BenchChem; Biosynth; ChemoSapiens	
CHEMBL1385073	AC1MJSXK		CC(C)(C)C(=O)NC1=CC=C(C=C1)N=NC2=CC=CC=C2					0		ChEMBL
CHEMBL1480522	AC1MJ10T		C1COC2=C(O1)C=CC(=C2)C(=O)CCCC3=CC=CC=C3					0		ChEMBL
CHEMBL1376674	AC1LSB1T		CC1CCCCN1C2=NC=NC3=C2SN=C3C4=CC=C(C=C4)OC					0		ChEMBL
CHEMBL1583768	AC1MLVZO		CN1CCCC1CCN(C2=NC3=CC=CC=C3S2)C(=O)C4=CC=CC=C4OC					0		ChEMBL
PUBCHEM:3246323	O-phosphothreonine		CC(C(C(=O)O)N)OP(=O)(O)O	3246323				59	10X CHEM; 10X CHEM; A2B Chem; A2B Chem; AA BLOCKS	
CHEMBL1352521	AC1MP7MF		C1=CC=C(C=C1)N2C=C(NC2=S)C3=CC4=CC=CC=C4OC3=O					0		ChEMBL
CHEMBL1595790	AC1MPSSS		CC1=CC2=C(C=C1)OC(=N2)N=C(N)NC(=O)C(C)(C)C					0		ChEMBL
CHEMBL1583837	AC1MRXG6		C1CCC2=NC3=CC(=NN3C(=C2C1)C(F)(F)F)C(=O)NC4=C(C=C(C=C4)F)F					0		ChEMBL
CHEMBL1486874	AC1MS651		CC1CCCN(C1)C2=NC=NC3=C2C=NN3C4=CC=C(C=C4)Cl					0		ChEMBL
PUBCHEM:3556268	osmium ammine-B		[NH2-].[NH2-].[NH2-].[NH2-].[NH2-].[NH2-].[Os]	3556268				0		
CHEMBL1579258	AC1MTRSQ		CC1=CC(=C(N1CCOC)C)C2=NN=C(SC2)NC3=CC=CC=C3F					0		ChEMBL
CHEMBL1500447	AC1OIK6A		C1=CC=C(C=C1)C(=O)CC(C(=O)O)NC2=C(C=C(C=C2)Cl)Cl					0		ChEMBL
CHEMBL1569984	5T-0269		CN1CCN(CC1)C2=CC=C(C=C2)NC(=O)N3CCC4=CC=CC=C43					0		ChEMBL
CHEMBL1303404	3T-0330		CN1CCN(CC1)C2=CC3=C(C=C2)N=C(N3)C4=CC(=CC=C4)OC					0		ChEMBL
CHEMBL1507250	KSC-8-64		CC1=C(C=C(C=C1)NC(=O)C2=CC3=CC=CC=C3OC2=O)S(=O)(=O)N(C)C					0		ChEMBL
CHEMBL1453996	1W-0926		CN1CCN(CC1)C2=CC=C(C=C2)C3=NC4=CC=CC=C4C=C3					0		ChEMBL
CHEMBL1496413	AC1N8FAO		CC1CCC2=C(C1)SC=C2C(=O)NNC(=S)NC3=CC=CC=C3C					0		ChEMBL
CHEMBL1573994	ksc-8-87		CCNC1=NN=C(CS1)C2=C(N(C(=C2)C)CC=C)C					0		ChEMBL
CHEMBL1597561	AC1NMU2T		CC1=CC(=C(N1CC2CCCO2)C)C(=O)COC(=O)C3=CC=CC=C3Br					0		ChEMBL
PUBCHEM:5287712	atrazine-glutathione conjugate		CCNC1=NC(=NC(=N1)SCC(C(=O)NCC(=O)O)NC(=O)CCC(C(=O)O)N)NC(C)C	5287712				25	10X CHEM; A2B Chem; AA BLOCKS; Angene Chemical; BLD Pharm	
PUBCHEM:5287987	L-Capreomycidine		C1CN=C(NC1C(C(=O)O)N)N	5287987				0		
PUBCHEM:5288232	AC1NRB2Z		CC(C)N(C1=CC=C(C=C1)F)C(=O)CSCC(C(=O)O)N	5288232				0		
PUBCHEM:5289071	2'-O-methyl-UMP		COC1C(C(OC1N2C=CC(=O)NC2=O)COP(=O)(O)O)O	5289071				4	Angene Chemical; Biorbyt; RR Scientific; TargetMol	
CHEMBL458512	pactamycin		CC1=C(C(=CC=C1)O)C(=O)OCC2(C(C(C(C2(C)O)(C(C)O)NC(=O)N(C)C)N)NC3=CC=CC(=C3)C(=O)C)O					0		ChEMBL
PUBCHEM:5289145	AC1NRCR6		CCCCCCCCCCCCCCCC(=O)OCC(COP(=O)(O)OCC(CO)O)OC(=O)CCCCCCCCCC=CCCCCCC	5289145				3	BenchChem; EvitaChem; RR Scientific	
PUBCHEM:5289231	AC1NRCWU		CN(C)C1=NC=NC2=C1NC=[N+]2C3C(C(C(O3)CO)NC(=O)C(CC4=CC=C(C=C4)OC)N)O	5289231				0		
PUBCHEM:5289243	DB02566		CC(C1=CC(=NC2=C1C=CCC2O)C(=O)O)O	5289243				0		
PUBCHEM:5289394	AC1NRD84		CC1CC=CC=CC(C(CC(C(C(C(CC(=O)O1)O)OC)OC2C(C(C(C(O2)C)OC3CC(C(C(O3)C)O)(C)O)N(C)C)O)CC=O)C)OC4CCC(C(O4)C)N(C)C	5289394				60	AbMole Bioscience; AbaChemScene; Accel Scientific; Achemtek; Achemtek	
PUBCHEM:5321487	squamosamide		COC1=CC(=CC(=C1O)OC)C(=CC2=CC(=C(C=C2)O)OC)C(=O)NCCC3=CC=C(C=C3)O	5321487				3	MuseChem; RR Scientific; Starshine Chemical	
PUBCHEM:5326960	glutathione sulfinate		C(CC(=O)NC(CS(=O)O)C(=O)NCC(=O)O)C(C(=O)O)N	5326960				5	BOC Sciences; CATO Research Chemicals Inc.; CymitQuimica; Quality Control Solutions (QCS Standards); Veeprho	
CHEMBL3190653	AC1NT7Z9		COC1=C(C=C(C=C1)C=NNC2=CC=C(C=C2)C(=O)O)Br					0		ChEMBL
CHEMBL1330583	AC1O3WF7		CC1=CC(=C(C=C1)C(=O)ON=C(C2=CC=CC=C2)N)Cl					0		ChEMBL
CHEMBL1904348	AC1NTDW8		CC1=CC(=C(C=C1)N(C(=O)C)N=C2C(=O)C3=CC=CC=C3S2)C					0		ChEMBL
PUBCHEM:5496803	CHEBI:29688		CCC1C2(C(C(C(=O)C(CC(C(C(C(=O)C(C(=O)O1)C)C)OC3C(C(CC(O3)C)N(C)C)O)(C)OC)C)C)N(C(=O)O2)CCCCN4C=C(N=C4)C5=CN=CC=C5)C	5496803				0		
CHEMBL3192121	AC1O9FKX		CC1=CC=C(C=C1)N=C(C2=NC3=CC=CC=C3S2)NNC=C4C=CC(=O)C(=C4)OC					0		ChEMBL
CHEMBL1973921	AC1O9C78		COC1=CC=C(C=C1)C(=O)NC2=CC=CC=C2C(=O)NNC=C3C=CC(=O)C(=C3)OC					0		ChEMBL
CHEMBL1423731	AC1NXILO		C1COC2=C(O1)C=CC(=C2)NN=C3C(=O)NC(=O)NC3=O					0		ChEMBL
CHEMBL1539980	NSC-662249		C[N+]1=C(C=CC2=CC=CC=C21)C=CC3=CC4=C(C=C3)OCO4.[I-]					0		ChEMBL
CHEMBL3199915	AC1M4QTA		CC[NH+]1CCN(CC1)C=NC2=NC3=C(S2)CCCC3					0		ChEMBL
CHEMBL1569988	AC1N3FCH		CC(C)(C)C1=CC=C(C=C1)C(=O)O[NH+]=C(C2=CC=CC=C2)N					0		ChEMBL
CHEMBL3198633	AC1OB9S3		CN=C1N(C(=CS1)C2=CC=CS2)NC=C3C=CC=CC3=O					0		ChEMBL
CHEMBL1200937	dalfopristin		CCN(CC)CCS(=O)(=O)C1CCN2C1C(=O)OC(C(C=CC(=O)NCC=CC(=CC(CC(=O)CC3=NC(=CO3)C2=O)O)C)C)C(C)C					0		ChEMBL
PUBCHEM:6449989	dehydrobutyrine		CC=C(C(=O)O)N	6449989				8	BLD Pharm; BLD Pharm; CATO Research Chemicals Inc.; J&H Chemical Co.,ltd; J&H Chemical Co.,ltd	
CHEMBL374308	lactacystin		CC1C(C(NC1=O)(C(C(C)C)O)C(=O)SCC(C(=O)O)NC(=O)C)O					0		ChEMBL
CHEMBL1324188	AC1O7SB1		CN(C1CCCCC1)C2=NN3C(=NC4=CC=CC=C4C3=O)C=C2					0		ChEMBL
PUBCHEM:6857725	AC1OAH4S		C(CC(=O)NC(CSC(CC(=O)O)C(=O)O)C(=O)NCC(=O)O)C(C(=O)O)N	6857725				0		
CHEMBL361497	artesunate		CC1CCC2C(C(OC3C24C1CCC(O3)(OO4)C)OC(=O)CCC(=O)O)C					0		ChEMBL
CHEMBL1234265	N-Me-Phe		CNC(CC1=CC=CC=C1)C(=O)O					0		ChEMBL
CHEMBL1503659	AC1OMM8Z		CC1CCN(CC1)C2=NN=C(C=C2)C3=CC(=CC=C3)NC(=O)C(F)(F)F					0		ChEMBL
CHEMBL3192138	AC1OOOKN		CC(=C1C(=NN(C1=O)C2=NC3=CC=CC=C3S2)CC(=O)OC)NC4=CC=CC=C4					0		ChEMBL
CHEMBL1392611	AC1OY032		CC1=C(C(=O)OC2=C1C=CC(=C2C)OCC(=O)NC3=CC=CC=N3)C					0		ChEMBL
CHEMBL1457961	AC1OZ2B5		CC1=C(N(C2=C1C(=NC=N2)NCCC3=CC=CC=C3)CCOC)C					0		ChEMBL
CHEMBL1378232	T5524007		C1COC2=C(C=C(C=C2)C(=O)NCCC3=CC=CC=C3)OC1					0		ChEMBL
CHEMBL105720	D05905		CC1=C(C(=O)NC(=O)N1)C=CC(=O)NC(CO)CS(=O)CSC					0		ChEMBL
CHEMBL2004141	AC1MEL5K		C1=CC=C2C(=C1)N=C(S2)NN=CC3=CC=CC=N3					0		ChEMBL
CHEMBL1965654	AC1NWW1D		CC1=C(C(=NN1C(C)(C)C)C)C=NOC(=O)NC2=CC(=C(C=C2)Cl)Cl					0		ChEMBL
CHEMBL1481543	AC1NWZ19		CC1=CC(=C(C=C1)C(=O)ON=C(C2=CC=CC=N2)N)C					0		ChEMBL
CHEMBL3193873	AC1O3RBM		C1COC2=C(O1)C=CC(=C2)C=NNC3=NC4=CC=CC=C4C=C3					0		ChEMBL
CHEMBL3195657	AC1NZH4G		CC(C)C1=CC=C(C=C1)C=NNC2=CC=C(C=C2)C(=O)O					0		ChEMBL
CHEMBL3191218	AC1ON5E3		C1=CC=C(C(=C1)C(=O)OC2=CC=C(C=C2)C=NNC3=CC=C(C=C3)C(=O)O)Cl					0		ChEMBL
CHEMBL3198939	AC1O0DHR		CC(C)(C)C1=CC=C(C=C1)C=NNC2=CC=CC(=C2)C(=O)O					0		ChEMBL
CHEMBL3191946	AC1O181G		CC(C)N1C=C(C2=CC=CC=C21)C=NNC3=CC=C(C=C3)C(=O)O					0		ChEMBL
CHEMBL3195389	AC1O1XZO		CC1=NN(C(=C1C=NNC2=NC3=CC=CC=C3S2)Cl)C4=CC=CC=C4Cl					0		ChEMBL
CHEMBL3193530	AC1NYE2E		CC1=CC=C(S1)C=NNC2=CC=C(C=C2)C(=O)O					0		ChEMBL
PUBCHEM:10691837	nn-dimethyl guanylic acid		CN(C)C1=NC(=O)C2=C(N1)N(C=N2)C3C(C(C(O3)COP(=O)(O)O)O)O	10691837				0		
PUBCHEM:10878285	4-hydroxymethyl-3-methylindole-2-carboxylate		CC1=C(NC2=CC=CC(=C12)CO)C(=O)O	10878285				2	BLD Pharm; Excenen Pharmatech	
PUBCHEM:10965805	ZINC11887869		COC1=CC=C(C=C1)C(C(C(=O)O)N)O	10965805				0		
PUBCHEM:11062499	RP08852		C1CNC(CC1=O)C(=O)O	11062499				28	001Chemical; A2B Chem; AA BLOCKS; AChemBlock; AKos Consulting & Solutions	
CHEMBL1339283	Smr000204784		CC1=CC(=C(N1C2=CC=CC=C2)C)C=C3CC4=CC=CC=C4C3=O					0		ChEMBL
CHEMBL1333930	Mls000583076		C1COC2=C(O1)C=CC(=C2)N3N=C(C(=NC4=CC=CC=C4)N3O)[N+](=O)[O-]					0		ChEMBL
CHEMBL1495977	Mls000720408		COC(=O)C1=CC2=C(C=C1)N=C(S2)NC3=NC4=C(S3)C=C(C=C4)F					0		ChEMBL
PUBCHEM:12803287	RTMP		CC1=CN(C(=O)NC1=O)C2C(C(C(O2)COP(=O)(O)O)O)O	12803287				22	10X CHEM; A2B Chem; Accel Scientific; AiFChem, an XtalPi Company; Ambeed	
PUBCHEM:12876354	GGZ		C1=NC2=C(C(=N1)N)N=CN2C3C4C(C(O3)COP(=O)(O)OS(=O)(=O)O)OP(=O)(O4)O	12876354				3	Alfa Chemistry; BLD Pharm; BOC Sciences	
PUBCHEM:14728174	N(2)-methyl-GMP		CNC1=NC(=O)C2=C(N1)N(C=N2)C3C(C(C(O3)COP(=O)(O)O)O)O	14728174				0		
PUBCHEM:16040250	[(2S)-1-[2-azanylethoxy(oxidanyl)phosphoryl]oxy-3-hexadecanoyloxy-propan-2-yl] octadecanoate		CCCCCCCCCCCCCCCCCC(=O)OC(COC(=O)CCCCCCCCCCCCCCC)COP(=O)(O)OCCN	16040250				0		
PUBCHEM:16040283	13T		CC=CC(C)C1C(O1)(C)C(C2COC(=O)C(C(C(C(=O)C(C(C(=CC(C(=O)CCC(C2=O)C)C)C)O)C)C)OC)O)O	16040283				2	BenchChem; RR Scientific	
CHEMBL1971760	AC1O9NFR		CN=C1N(C(=CS1)C2=CC=CC=C2F)NC=C3C=CC=N3					0		ChEMBL
CHEMBL3190911	AC1O0ZA6		C1=CC2=C(C(=C1)OCC3=CC=C(C=C3)C(=O)NNC=C4C=CC=N4)N=CC=C2					0		ChEMBL
CHEMBL1230331	4-thiouridylate		C1=CN(C(=O)NC1=S)C2C(C(C(O2)COP(=O)(O)O)O)O					0		ChEMBL
CHEMBL1230507	A-7698		CNC1=NC=NC2=C1N=CN2C3C(C(C(O3)COP(=O)(O)O)O)O					0		ChEMBL
PUBCHEM:16760241	Tn antigen		CC(=O)NC1C(C(C(OC1OCC(C(=O)[O-])[NH3+])CO)O)O	16760241				0		
PUBCHEM:18596452	CTK0J9100		CN1C(=O)C2=C(N=C1N)N(C=N2)C3C(C(C(O3)COP(=O)(O)O)O)O	18596452				5	001Chemical; BLD Pharm; CymitQuimica; RR Scientific; Starshine Chemical	
PUBCHEM:18628280	hydron;phosphonato phosphate		[H+].[H+].[O-]P(=O)([O-])OP(=O)([O-])[O-]	18628280				0		
PUBCHEM:18931838	AGN-PC-0BUEPK		[H+].[H+].[O-]S(=O)(=S)[O-]	18931838				0		
PUBCHEM:19420248	hydron;phosphate		[H-].[O-]P(=O)([O-])[O-]	19420248				0		
PUBCHEM:20042692	hydron;sulfate		[H-].[O-]S(=O)(=O)[O-]	20042692				0		
PUBCHEM:20274032	hydron;acetate		[H+].CC(=O)O	20274032				0		
PUBCHEM:20395750	ethane-1,2-diol;hydron		[H+].C(CO)O	20395750				0		
CHEMBL1472925	HMS2883F04		CC1=NC2=C(C=NN2C(=C1C3=CC=CC=C3)N)C4=CC=CC=C4					0		ChEMBL
CHEMBL1301042	HMS3358O07		CC(C)(C)OC(=O)N(C)C1=CC=C(C=C1)C2=NC3=CC=CC=C3S2					0		ChEMBL
CHEMBL1312738	HMS3357B03		C1CCC(CC1)(C#CC2=CC3=C(C=C2)SC4=CC=CC=C4C3=O)O					0		ChEMBL
PUBCHEM:24892762	C05696		C1=NC2=C(C(=N1)N)N=CN2C3C(C(C(O3)COP(=O)(O)O[Se](=O)(=O)O)OP(=O)(O)O)O	24892762				1	BenchChem	
CHEMBL507881	CHEMBL507881		CC(C)C(C(=O)NCC(=O)NC(C(C)O)C(=O)NCC(=O)NC(CCSC)C(=O)NC(CCCCN)C(=O)NC(CCCCN)C(=O)NC(C(C)O)C(=O)NC(CO)C(=O)NC(CC1=CC=CC=C1)C(=O)NC(CCC(=O)N)C(=O)NC(CCCNC(=N)N)C(=O)NC(C)C(=O)NC(CCCCN)C(=O)NC(CO)C(=O)O)NC(=O)C(CCSC)NC(=O)C(CC(=O)N)NC(=O)C(CCCNC(=N)N)NC(=O)C(CC2=CC=CC=C2)NC(=O)C(CO)N					0		ChEMBL
CHEMBL525809	CHEMBL526323		CC(C)CC(C(=O)NC(C(C)C)C(=O)NCC(=O)NC(C(C)O)C(=O)NCC(=O)NC(CCSC)C(=O)NC(CCCCN)C(=O)NC(CCCCN)C(=O)NC(C(C)O)C(=O)NC(CO)C(=O)NC(CC1=CC=CC=C1)C(=O)NC(CCC(=O)N)C(=O)NC(CCCNC(=N)N)C(=O)NC(C)C(=O)NC(CCCCN)C(=O)NC(CO)C(=O)O)NC(=O)C(CC(=O)N)NC(=O)C(CCCNC(=N)N)NC(=O)C(CC2=CC=CC=C2)NC(=O)C(CO)N					0		ChEMBL
CHEMBL526492	CHEMBL526492		CC(C)C(C(=O)NCC(=O)NC(C(C)O)C(=O)NCC(=O)NC(CCSC)C(=O)NC(CCCCN)C(=O)NC(CCCCN)C(=O)NC(C(C)O)C(=O)NC(CO)C(=O)NC(CC1=CC=CC=C1)C(=O)NC(CCC(=O)N)C(=O)NC(CCCNC(=N)N)C(=O)NC(C)C(=O)NC(CCCCN)C(=O)NC(CO)C(=O)O)NC(=O)C(CS)NC(=O)C(CC(=O)N)NC(=O)C(CCCNC(=N)N)NC(=O)C(CC2=CC=CC=C2)NC(=O)C(CO)N					0		ChEMBL
CHEMBL505657	AGN-PC-04XN7E		CC(C)C(C(=O)NC(C(C)C)C(=O)NCC(=O)NC(C(C)O)C(=O)NCC(=O)NC(CCSC)C(=O)NC(CCCCN)C(=O)NC(CCCCN)C(=O)NC(C(C)O)C(=O)NC(CO)C(=O)NC(CC1=CC=CC=C1)C(=O)NC(CCC(=O)N)C(=O)NC(CCCNC(=N)N)C(=O)NC(C)C(=O)NC(CCCCN)C(=O)NC(CO)C(=O)O)NC(=O)C(CC(=O)N)NC(=O)C(CCCNC(=N)N)NC(=O)C(CC2=CC=CC=C2)NC(=O)C(CO)N					0		ChEMBL
CHEMBL526355	AGN-PC-04XN7B		CC(C)C(C(=O)NCC(=O)NC(C(C)O)C(=O)NCC(=O)NC(CCSC)C(=O)NC(CCCCN)C(=O)NC(CCCCN)C(=O)NC(C(C)O)C(=O)NC(CO)C(=O)NC(CC1=CC=CC=C1)C(=O)NC(CCC(=O)N)C(=O)NC(CCCNC(=N)N)C(=O)NC(C)C(=O)NC(CCCCN)C(=O)NC(CO)C(=O)O)NC(=O)C(CS)NC(=O)C(CC(=O)N)NC(=O)C(CCCNC(=N)N)NC(=O)C(CC2=CC=CC=C2)NC(=O)C(CO)N					0		ChEMBL
CHEMBL230333	Neuropeptide S		CC(C)C(C(=O)NCC(=O)NC(C(C)O)C(=O)NCC(=O)NC(CCSC)C(=O)NC(CCCCN)C(=O)NC(CCCCN)C(=O)NC(C(C)O)C(=O)NC(CO)C(=O)NC(CC1=CC=CC=C1)C(=O)NC(CCC(=O)N)C(=O)NC(CCCNC(=N)N)C(=O)NC(C)C(=O)NC(CCCCN)C(=O)NC(CO)C(=O)O)NC(=O)CNC(=O)C(CC(=O)N)NC(=O)C(CCCNC(=N)N)NC(=O)C(CC2=CC=CC=C2)NC(=O)C(CO)N					0		ChEMBL
PUBCHEM:44199360	N(6)-dimethyl-AMP		CN(C)C1=NC=NC2=C1N=CN2C3C(C(C(O3)COP(=O)(O)[O-])O)O	44199360				0		
CHEMBL321214	CHEMBL321214		CN1CC2CC1CC(C2)OC(=O)C(C3=CC=CC=C3)(C4=CC=CC=C4)O					0		ChEMBL
CHEMBL526551	AGN-PC-077M4Q		CC(C)C(C(=O)NCC(=O)NC(C(C)O)C(=O)NCC(=O)NC(CCSC)C(=O)NC(CCCCN)C(=O)NC(CCCCN)C(=O)NC(C(C)O)C(=O)NC(CO)C(=O)NC(CC1=CC=CC=C1)C(=O)NC(CCC(=O)N)C(=O)NC(CCCNC(=N)N)C(=O)NC(C)C(=O)NC(CCCCN)C(=O)NC(CO)C(=O)O)NC(=O)CNC(=O)C(CC(=O)N)NC(=O)C(CCCCN)NC(=O)C(CC2=CC=CC=C2)NC(=O)C(CO)N					0		ChEMBL
CHEMBL510338	AGN-PC-077M4T		CC(C)C(C(=O)NCC(=O)NC(C(C)O)C(=O)NCC(=O)NC(CCSC)C(=O)NC(CCCCN)C(=O)NC(CCCCN)C(=O)NC(C(C)O)C(=O)NC(CO)C(=O)NC(CC1=CC=CC=C1)C(=O)NC(CCC(=O)N)C(=O)NC(CCCNC(=N)N)C(=O)NC(C)C(=O)NC(CCCCN)C(=O)NC(CO)C(=O)O)NC(=O)CNC(=O)C(CC(=O)N)NC(=O)C(CCCN)NC(=O)C(CC2=CC=CC=C2)NC(=O)C(CO)N					0		ChEMBL
CHEMBL524693	AGN-PC-077M4Z		CC(C)C(C(=O)NCC(=O)NC(C(C)O)C(=O)NCC(=O)NC(CCSC)C(=O)NC(CCCCN)C(=O)NC(CCCCN)C(=O)NC(C(C)O)C(=O)NC(CO)C(=O)NC(CC1=CC=CC=C1)C(=O)NC(CCC(=O)N)C(=O)NC(CCCNC(=N)N)C(=O)NC(C)C(=O)NC(CCCCN)C(=O)NC(CO)C(=O)O)NC(=O)CNC(=O)C(CC(=O)N)NC(=O)C(CCCCNC(=N)N)NC(=O)C(CC2=CC=CC=C2)NC(=O)C(CO)N					0		ChEMBL
CHEMBL524688	AGN-PC-077M50		CC(C)C(C(=O)NCC(=O)NC(C(C)O)C(=O)NCC(=O)NC(CCSC)C(=O)NC(CCCCN)C(=O)NC(CCCCN)C(=O)NC(C(C)O)C(=O)NC(CO)C(=O)NC(CC1=CC=CC=C1)C(=O)NC(CCC(=O)N)C(=O)NC(CCCNC(=N)N)C(=O)NC(C)C(=O)NC(CCCCN)C(=O)NC(CO)C(=O)O)NC(=O)CNC(=O)C(CC(=O)N)NC(=O)C(CCCNC(=NC)NC)NC(=O)C(CC2=CC=CC=C2)NC(=O)C(CO)N					0		ChEMBL
CHEMBL524654	AGN-PC-077M51		CC(C)C(C(=O)NCC(=O)NC(C(C)O)C(=O)NCC(=O)NC(CCSC)C(=O)NC(CCCCN)C(=O)NC(CCCCN)C(=O)NC(C(C)O)C(=O)NC(CO)C(=O)NC(CC1=CC=CC=C1)C(=O)NC(CCC(=O)N)C(=O)NC(CCCNC(=N)N)C(=O)NC(C)C(=O)NC(CCCCN)C(=O)NC(CO)C(=O)O)NC(=O)CNC(=O)C(CC(=O)N)NC(=O)C(CCCNC(=N)N(C)C)NC(=O)C(CC2=CC=CC=C2)NC(=O)C(CO)N					0		ChEMBL
CHEMBL448242	AGN-PC-077M52		CC(C)C(C(=O)NCC(=O)NC(C(C)O)C(=O)NCC(=O)NC(CCSC)C(=O)NC(CCCCN)C(=O)NC(CCCCN)C(=O)NC(C(C)O)C(=O)NC(CO)C(=O)NC(CC1=CC=CC=C1)C(=O)NC(CCC(=O)N)C(=O)NC(CCCNC(=N)N)C(=O)NC(C)C(=O)NC(CCCCN)C(=O)NC(CO)C(=O)O)NC(=O)CNC(=O)C(CC(=O)N)NC(=O)C(CCCNC(=N[N+](=O)[O-])N)NC(=O)C(CC2=CC=CC=C2)NC(=O)C(CO)N					0		ChEMBL
CHEMBL525031	AGN-PC-077M54		CC(C)C(C(=O)NCC(=O)NC(C(C)O)C(=O)NCC(=O)NC(CCSC)C(=O)NC(CCCCN)C(=O)NC(CCCCN)C(=O)NC(C(C)O)C(=O)NC(CO)C(=O)NC(CC1=CC=CC=C1)C(=O)NC(CCC(=O)N)C(=O)NC(CCCNC(=N)N)C(=O)NC(C)C(=O)NC(CCCCN)C(=O)NC(CO)C(=O)O)NC(=O)CNC(=O)C(CC(=O)N)NC(=O)C(CCCCNC(=O)C(F)(F)F)NC(=O)C(CC2=CC=CC=C2)NC(=O)C(CO)N					0		ChEMBL
CHEMBL453962	AGN-PC-077M5A		CC(C)C(C(=O)NCC(=O)NC(C(C)O)C(=O)NCC(=O)NC(CCSC)C(=O)NC(CCCCN)C(=O)NC(CCCCN)C(=O)NC(C(C)O)C(=O)NC(CO)C(=O)NC(CC1=CC=CC=C1)C(=O)NC(CCC(=O)N)C(=O)NC(CCCNC(=N)N)C(=O)NC(C)C(=O)NC(CCCCN)C(=O)NC(CO)C(=O)O)NC(=O)CNC(=O)C(C(C)O)NC(=O)C(CCCNC(=N)N)NC(=O)C(CC2=CC=CC=C2)NC(=O)C(CO)N					0		ChEMBL
CHEMBL215940	N(3)-methyl-UMP		CN1C(=O)C=CN(C1=O)C2C(C(C(O2)COP(=O)(O)O)O)O					0		ChEMBL
PUBCHEM:46173764	3'-amino-3'-deoxy-AMP		C1=NC2=C(C(=N1)N)N=CN2C3C(C(C(O3)COP(=O)(O)O)N)O	46173764				1	RR Scientific	
PUBCHEM:46936447	DB02661		C1=NC2=C(C(=N1)N)N=CN2C3C(C(C(O3)COP(=O)(O)OP(=O)(O)O)O)O.O=[V]=O	46936447				0		
PUBCHEM:46936762	DB03708		C1=NC2=C(C(=N1)N)N=CN2C3C(C(C(O3)COP(=O)(O)OS(=O)(=O)O)O)O	46936762				0		
PUBCHEM:46937130	DB08185		CC(C)CCNC1=NC(=NC2=C1N=CN2C3C(C(C(O3)COP(=O)(O)O)O)O)SC	46937130				0		
PUBCHEM:49822695	cmp-5		C1=C(NC(=O)[N+](=C1)C2C(C(C(O2)COP(=O)(O)O)O)O)N	49822695				0		
PUBCHEM:49866400	CHEBI:74651		CC(C(C(=O)O)NC(=O)NC1=NC(=NC2=C1N=CN2C3C(C(C(O3)COP(=O)(O)O)O)O)SC)O	49866400				0		
PUBCHEM:49866464	2-methyl-adenylate		CC1=NC2=C(C(=N1)N)N=CN2C3C(C(C(O3)COP(=O)(O)O)O)O	49866464				6	001Chemical; BLD Pharm; CATO Research Chemicals Inc.; J&H Chemical Co.,ltd; RR Scientific	
PUBCHEM:49866561	SCHEMBL3470005		COC(=O)CC1=CN(C(=S)NC1=O)C2C(C(C(O2)COP(=O)(O)O)O)O	49866561				0		
PUBCHEM:49866685	(Z)-2-amino-3-mercapto-acrylic acid		C(=C(C(=O)O)N)S	49866685				0		
PUBCHEM:49866839	L-cysteine sulfoxide		C(C(C(=O)O)N)S=O	49866839				0		
PUBCHEM:49867309	AGN-PC-088Y54		CNC(CC1=CC=C(C=C1)N(C)C)C(=O)O	49867309				0		
PUBCHEM:49867759	AGN-PC-088Y64		CC(C(C)(C(C(=O)O)N)O)O	49867759				0		
PUBCHEM:49867784	CTK1I1905		C(=C(C(=O)O)N)NC(=O)N	49867784				2	AKos Consulting & Solutions; Ambinter	
PUBCHEM:49867889	CHEBI:74300		CC1=C(N2C(=O)C3=C(N(C2=N1)C)N(C=N3)C4C(C(C(O4)COP(=O)(O)O)O)O)CCC(C(=O)OC)NC(=O)OC	49867889				0		
PUBCHEM:52911283	A845205		C1C(C(OC1[N+]2=CC=C(NC2=O)N)CO)O	52911283				0		
PUBCHEM:52941584	CHEBI:74731		CN1C(=O)C(=CNC1=O)C2C(C(C(O2)COP(=O)(O)O)O)O	52941584				0		
PUBCHEM:53723505	N-dimethyl-L-threonine		CC(C(C(=O)O)N(C)C)O	53723505				3	AKos Consulting & Solutions; J&H Chemical Co.,ltd; RR Scientific	
CHEMBL1765705	AGN-PC-0A9QQ2		CC(C)C(C(=O)NCC(=O)NC(CO)C(=O)NCC(=O)NC(C)C(=O)NC(CCCCN)C(=O)NC(CCCCN)C(=O)NC(C(C)O)C(=O)NC(CO)C(=O)NC(CC1=CC=CC=C1)C(=O)NC(CCCNC(=N)N)C(=O)NC(CCCNC(=N)N)C(=O)NC(C)C(=O)NC(CCCCN)C(=O)NC(CCC(=O)N)C(=O)O)NC(=O)CNC(=O)C(CC(=O)N)NC(=O)C(CCCNC(=N)N)NC(=O)C(CC2=CC=CC=C2)NC(=O)C(CO)N					0		ChEMBL
CHEMBL2338711	AGN-PC-0J2N9S		CCC1C2(C(C(C(=O)C(CC(C(C(C(C(C(=O)O1)C)OC(=O)N3CCCC3C4=CN=CC=C4)C)OC5C(C(CC(O5)C)N(C)C)O)(C)OC)C)C)NC(=O)O2)C					0		ChEMBL
PUBCHEM:70789301	1F4		CCC1C2(C(C(C(=O)C(CC(C(C(C(C(C(=O)O1)C)OC(=O)N3CC(CC3C4=CN=CC=C4)(C)C)C)OC5C(C(CC(O5)C)N(C)C)O)(C)OC)C)C)NC(=O)O2)C	70789301				0		
PUBCHEM:71627367	4'-O-Benzyl paromomycin		C1C(C(C(C(C1N)OC2C(C(C(C(O2)CO)OCC3=CC=CC=C3)O)N)OC4C(C(C(O4)CO)OC5C(C(C(C(O5)CN)O)O)N)O)O)N	71627367				0		
PUBCHEM:72193709	O-acetyl-ADP-ribose		CC(=O)OC1C(C(OC1O)COP(=O)(O)OP(=O)(O)OCC2C(C(C(O2)N3C=NC4=C3N=CN=C4N)O)O)O	72193709				0		
CHEMBL1418244	pSer		C(C(C(=O)O)N)OP(=O)(O)O					0		ChEMBL
CHEMBL457299	polyethylene glycol		C(CO)O					0		ChEMBL
CHEMBL539	acetate		CC(=O)[O-]					0		ChEMBL
PUBCHEM:181	acetyl-CoA		CC(=O)SCCNC(=O)CCNC(=O)C(C(C)(C)COP(=O)(O)OP(=O)(O)OCC1C(C(C(O1)N2C=NC3=C2N=CN=C3N)O)OP(=O)(O)O)O	181				13	Ambinter; Angel Pharmatech Ltd.; Angene Chemical; Biorbyt; Finetech Industry Limited	
CHEMBL1160819	ammonia		N					0		ChEMBL
CHEMBL1230732	adenosine monophosphate		C1=NC2=C(C(=N1)N)N=CN2C3C(C(C(O3)COP(=O)(O)O)O)O					0		ChEMBL
CHEMBL1315356	anti-biotin		C1C2C(C(S1)CCCCC(=O)O)NC(=O)N2					0		ChEMBL
CHEMBL1159819	chloride		[Cl-]					0		ChEMBL
CHEMBL1329786	poly-C		C1=CN(C(=O)N=C1N)C2C(C(C(O2)COP(=O)(O)O)O)O					0		ChEMBL
CHEMBL1214873	CMP-NeuAc		CC(=O)NC1C(CC(OC1C(C(CO)O)O)(C(=O)O)OP(=O)(O)OCC2C(C(C(O2)N3C=CC(=NC3=O)N)O)O)O					0		ChEMBL
PUBCHEM:392	beta-lysin		C(CC(CC(=O)O)N)CN	392				24	001Chemical; A2B Chem; AA BLOCKS; AKos Consulting & Solutions; Ambinter	
CHEMBL1200630	cystein		C(C(C(=O)O)N)S					0		ChEMBL
CHEMBL1200559	lactate		CC(C(=O)O)O					0		ChEMBL
PUBCHEM:620	dADP		C1C(C(OC1N2C=NC3=C2N=CN=C3N)COP(=O)(O)OP(=O)(O)O)O	620				4	A2B Chem; AA BLOCKS; BenchChem; MolCore	
CHEMBL1356971	deoxycytidine		C1C(C(OC1N2C=CC(=NC2=O)N)CO)O					0		ChEMBL
CHEMBL100476	reduced glutathione		C(CC(=O)NC(CS)C(=O)NCC(=O)O)C(C(=O)O)N					0		ChEMBL
CHEMBL1242996	guanylate		C1=NC2=C(N1C3C(C(C(O3)COP(=O)(O)O)O)O)NC(=NC2=O)N					0		ChEMBL
CHEMBL1201369	guanosine triphosphate		C1=NC2=C(N1C3C(C(C(O3)COP(=O)(O)OP(=O)(O)OP(=O)(O)O)O)O)NC(=NC2=O)N					0		ChEMBL
PUBCHEM:813	potassium		[K+]	813				17	A2B Chem; AA BLOCKS; Alfa Chemistry; Ambinter; BOC Sciences	
CHEMBL1200861	tartrate		C(C(C(=O)O)O)(C(=O)O)O					0		ChEMBL
PUBCHEM:911	fMet		CSCCC(C(=O)O)NC=O	911				64	001Chemical; 10X CHEM; A2B Chem; AA BLOCKS; AChemBlock	
CHEMBL1200760	sodium		[Na+]					0		ChEMBL
PUBCHEM:990	3'-phosphoadenosine 5'-phosphosulfate		C1=NC2=C(C(=N1)N)N=CN2C3C(C(C(O3)COP(=O)(O)OS(=O)(=O)O)OP(=O)(O)O)O	990				3	A2B Chem; AA BLOCKS; NewCan Biotech	
CHEMBL25080	phenylalanine		C1=CC=C(C=C1)CC(C(=O)O)N					0		ChEMBL
CHEMBL1742182	O-phosphothreonine		CC(C(C(=O)O)N)OP(=O)(O)O					0		ChEMBL
PUBCHEM:1042	pseudouridylic acid		C1=C(C(=O)NC(=O)N1)C2C(C(C(O2)COP(=O)(O)O)O)O	1042				6	A2B Chem; AA BLOCKS; Alfa Chemistry; BLD Pharm; Cooke Chemical Co., Ltd	
CHEMBL1208642	thiosulfate		[O-]S(=O)(=S)[O-]					0		ChEMBL
CHEMBL292303	tryptophan		C1=CC=C2C(=C1)C(=CN2)CC(C(=O)O)N					0		ChEMBL
CHEMBL11257	L-valine		CC(C)C(C(=O)O)N					0		ChEMBL
CHEMBL1367623	anisomycin		CC(=O)OC1C(CNC1CC2=CC=C(C=C2)OC)O					0		ChEMBL
PUBCHEM:2891	cobalt		CC1=CC2=C(C=C1C)N(C=N2)C3C(C(C(O3)CO)OP(=O)(O)OC(C)CNC(=O)CCC4(C(C5C6(C(C(C(=N6)C(=C7C(C(C(=N7)C=C8C(C(C(=N8)C(=C4[N-]5)C)CCC(=O)N)(C)C)CCC(=O)N)(C)CC(=O)N)C)CCC(=O)N)(C)CC(=O)N)C)CC(=O)N)C)O.[C-]#N.[Co+2]	2891				0		
CHEMBL117110	fusidic acid		CC1C2CCC3(C(C2(CCC1O)C)C(CC4C3(CC(C4=C(CCC=C(C)C)C(=O)O)OC(=O)C)C)O)C					0		ChEMBL
CHEMBL1165003	geldanamycin		CC1CC(C(C(C=C(C(C(C=CC=C(C(=O)NC2=CC(=O)C(=C(C1)C2=O)OC)C)OC)OC(=O)N)C)C)O)OC					0		ChEMBL
PUBCHEM:3486	glutathione sulfonic acid		C(CC(=O)NC(CS(=O)(=O)O)C(=O)NCC(=O)O)C(C(=O)O)N	3486				11	Ambinter; Biosynth; Chem-Impex; Mcule; MolCore	
CHEMBL175858	homoharringtonine		CC(C)(CCCC(CC(=O)OC)(C(=O)OC1C2C3=CC4=C(C=C3CCN5C2(CCC5)C=C1OC)OCO4)O)O					0		ChEMBL
CHEMBL1778420	3-phenyllactic acid		C1=CC=C(C=C1)CC(C(=O)O)O					0		ChEMBL
CHEMBL131226	2-phenylglycine		C1=CC=C(C=C1)C(C(=O)O)N					0		ChEMBL
PUBCHEM:4378	MeVal		CC(C)C(C(=O)O)NC	4378				55	001Chemical; 10X CHEM; A2B Chem; AA BLOCKS; AKos Consulting & Solutions	
CHEMBL1322152	paromomycin		C1C(C(C(C(C1N)OC2C(C(C(C(O2)CO)O)O)N)OC3C(C(C(O3)CO)OC4C(C(C(C(O4)CN)O)O)N)O)O)N					0		ChEMBL
PUBCHEM:4800	GMPCPP		C1=NC2=C(N1C3C(C(C(O3)COP(=O)(O)OP(=O)(CP(=O)(O)O)O)O)O)NC(=NC2=O)N	4800				0		
CHEMBL1330459	puromycin		CN(C)C1=NC=NC2=C1N=CN2C3C(C(C(O3)CO)NC(=O)C(CC4=CC=C(C=C4)OC)N)O					0		ChEMBL
CHEMBL151763	rivastigmine		CCN(C)C(=O)OC1=CC=CC(=C1)C(C)N(C)C					0		ChEMBL
PUBCHEM:5133	S-(p-nitrobenzyl)glutathione		C1=CC(=CC=C1CSCC(C(=O)NCC(=O)O)NC(=O)CCC(C(=O)O)N)[N+](=O)[O-]	5133				4	Ambinter; Debye Scientific Co., Ltd; MolCore; Sigma-Aldrich	
CHEMBL1255799	spiramycin		CC1CC=CC=CC(C(CC(C(C(C(CC(=O)O1)O)OC)OC2C(C(C(C(O2)C)OC3CC(C(C(O3)C)O)(C)O)N(C)C)O)CC=O)C)OC4CCC(C(O4)C)N(C)C					0		ChEMBL
CHEMBL1200740	streptomycin		CC1C(C(C(O1)OC2C(C(C(C(C2O)O)N=C(N)N)O)N=C(N)N)OC3C(C(C(C(O3)CO)O)O)NC)(C=O)O					0		ChEMBL
CHEMBL1376	sulindac		CC1=C(C2=C(C1=CC3=CC=C(C=C3)S(=O)C)C=CC(=C2)F)CC(=O)O					0		ChEMBL
CHEMBL1230782	alpha-aminobutyric acid		CCC(C(=O)O)N					0		ChEMBL
CHEMBL1090755	emetine		CCC1CN2CCC3=CC(=C(C=C3C2CC1CC4C5=CC(=C(C=C5CCN4)OC)OC)OC)OC.Cl.Cl					0		ChEMBL
CHEMBL101960	sparsomycin		CC1=C(C(=O)NC(=O)N1)C=CC(=O)NC(CO)CS(=O)CSC					0		ChEMBL
CHEMBL1994414	pactamycin		CC1=C(C(=CC=C1)O)C(=O)OCC2(C(C(C(C2(C)O)(C(C)O)NC(=O)N(C)C)N)NC3=CC=CC(=C3)C(=O)C)O					0		ChEMBL
CHEMBL1232391	magic bullet		C(C(C(CS)O)O)S					0		ChEMBL
CHEMBL1161633	chlorate		OCl(=O)=O					0		ChEMBL
CHEMBL1206211	glucans		CC(=O)O.C(C(C(C(C(C=O)O)O)O)O)O					0		ChEMBL
CHEMBL2137046	4-hydroxytamoxifen		CCC(=C(C1=CC=C(C=C1)O)C2=CC=C(C=C2)OCCN(C)C)C3=CC=CC=C3					0		ChEMBL
CHEMBL1254011	kasugamycin		CC1C(CC(C(O1)OC2C(C(C(C(C2O)O)O)O)O)N)N=C(C(=O)O)N					0		ChEMBL
CHEMBL144149	artesunate		CC1CCC2C(C(OC3C24C1CCC(O3)(OO4)C)OC(=O)CCC(=O)O)C					0		ChEMBL
CHEMBL1136	telithromycin		CCC1C2(C(C(C(=O)C(CC(C(C(C(=O)C(C(=O)O1)C)C)OC3C(C(CC(O3)C)N(C)C)O)(C)OC)C)C)N(C(=O)O2)CCCCN4C=C(N=C4)C5=CN=CC=C5)C					0		ChEMBL
CHEMBL2106034	strontium		[H-].[H-].[Sr+2]					0		ChEMBL
CHEMBL2114026	mycalamide A		CC1C(OC(CC1=C)(C(C(=O)NC2C3C(C(C(C(O3)CC(CO)O)(C)C)OC)OCO2)O)OC)C					0		ChEMBL
CHEMBL608610	RTMP		CC1=CN(C(=O)NC1=O)C2C(C(C(O2)COP(=O)(O)O)O)O					0		ChEMBL
CHEMBL2311177	5-methylcytidylic acid		CC1=CN(C(=O)N=C1N)C2C(C(C(O2)COP(=O)(O)O)O)O					0		ChEMBL
PUBCHEM:197474	squamosamide		COC1=CC(=CC(=C1O)OC)C(=CC2=CC(=C(C=C2)O)OC)C(=O)NCCC3=CC=C(C=C3)O	197474				0		
PUBCHEM:429092	poly(rCm		COC1C(C(OC1N2C=CC(=NC2=O)N)COP(=O)(O)O)O	429092				3	A2B Chem; AA BLOCKS; Angene Chemical	
PUBCHEM:441214	3'-amino-3'-deoxy-AMP		C1=NC2=C(C(=N1)N)N=CN2C3C(C(C(O3)COP(=O)(O)O)N)O	441214				0		
PUBCHEM:447049	O-acetyl-ADP-ribose		CC(=O)OC1C(C(OC1O)COP(=O)(O)OP(=O)(O)OCC2C(C(C(O2)N3C=NC4=C3N=CN=C4N)O)O)O	447049				0		
CHEMBL1236347	Tn antigen		CC(=O)NC1C(C(C(OC1OCC(C(=O)O)N)CO)O)O					0		ChEMBL
PUBCHEM:3082167	dehydrobutyrine		CC=C(C(=O)O)N	3082167				0		
PUBCHEM:3274683	2'-O-methyl-UMP		COC1C(C(OC1N2C=CC(=O)NC2=O)COP(=O)(O)O)O	3274683				0		
PUBCHEM:3334071	DB02566		CC(C1=CC(=NC2=C1C=CCC2O)C(=O)O)O	3334071				0		
PUBCHEM:3400927	AC1MOUJN		CC1=C(N2C(=O)C3=C(N(C2=N1)C)N(C=N3)C4C(C(C(O4)COP(=O)(O)O)O)O)CCC(C(=O)OC)NC(=O)OC	3400927				0		
CHEMBL177327	AC1N9J6O		C(CC(=O)NC(CSC(CC(=O)O)C(=O)O)C(=O)NCC(=O)O)C(C(=O)O)N					0		ChEMBL
PUBCHEM:4468926	AC1NBJ90		CC(C(C(=O)O)NC(=O)NC1=NC(=NC2=C1N=CN2C3C(C(C(O3)COP(=O)(O)O)O)O)SC)O	4468926				0		
PUBCHEM:4469360	1-methylguanylic acid		CN1C(=O)C2=C(N=C1N)N(C=N2)C3C(C(C(O3)COP(=O)(O)O)O)O	4469360				1	MolCore	
PUBCHEM:4469584	2-methyl-adenylate		CC1=NC2=C(C(=N1)N)N=CN2C3C(C(C(O3)COP(=O)(O)O)O)O	4469584				1	MolCore	
PUBCHEM:4469586	N(2)-methyl-GMP		CNC1=NC(=O)C2=C(N1)N(C=N2)C3C(C(C(O3)COP(=O)(O)O)O)O	4469586				0		
PUBCHEM:4470567	AC1NBMZI		COC(=O)CC1=CN(C(=S)NC1=O)C2C(C(C(O2)COP(=O)(O)O)O)O	4470567				0		
PUBCHEM:4473092	atrazine-glutathione conjugate		CCNC1=NC(=NC(=N1)SCC(C(=O)NCC(=O)O)NC(=O)CCC(C(=O)O)N)NC(C)C	4473092				1	Finetech Industry Limited	
PUBCHEM:4473609	AC1NRA5X		C1=NC2=C(C(=N1)N)N=CN2C3C(C(C(O3)COP(=O)(O)OP(=O)(O)O)O)O.O=[V]=O	4473609				0		
PUBCHEM:4477691	AC1NAIWV		CN(C)C1=NC(=O)C2=C(N1)N(C=N2)C3C(C(C(O3)COP(=O)(O)O)O)O	4477691				0		
PUBCHEM:4477868	N(6)-dimethyl-AMP		CN(C)C1=NC=NC2=C1N=CN2C3C(C(C(O3)COP(=O)(O)O)O)O	4477868				1	MolCore	
PUBCHEM:4477870	AC1NAJ9M		CN1C=NC2=C(C1=N)N=CN2C3C(C(C(O3)COP(=O)(O)O)O)O	4477870				0		
PUBCHEM:4478774	AC1NAL8N		CC(C)CCNC1=NC(=NC2=C1N=CN2C3C(C(C(O3)COP(=O)(O)O)O)O)SC	4478774				0		
PUBCHEM:4626828	cmp-5		C1=C(NC(=O)[N+](=C1)C2C(C(C(O2)COP(=O)(O)O)O)O)N	4626828				0		
PUBCHEM:4627981	L-Capreomycidine		C1CN=C(NC1C(C(=O)O)N)N	4627981				0		
PUBCHEM:4631220	AC1NRB2Z		CC(C)N(C1=CC=C(C=C1)F)C(=O)CSCC(C(=O)O)N	4631220				0		
PUBCHEM:5326793	PE(34:0)		CCCCCCCCCCCCCCCCCC(=O)OC(COC(=O)CCCCCCCCCCCCCCC)COP(=O)(O)OCCN	5326793				2	BenchChem; EvitaChem	
CHEMBL1732490	AC1O07N3		CC(=C1C(=NN(C1=O)C2=NC3=CC=CC=C3S2)CC(=O)OC)NC4=CC=CC=C4					0		ChEMBL
CHEMBL390183	13-deoxytedanolide		CC=CC(C)C1C(O1)(C)C(C2COC(=O)C(C(C(C(=O)C(C(C(=CC(C(=O)CCC(C2=O)C)C)C)O)C)C)OC)O)O					0		ChEMBL
PUBCHEM:10774843	K-9390		COC1=CC=C(C=C1)C(C(C(=O)O)N)O	10774843				0		
PUBCHEM:11008023	4oxolpipecolic acid		C1CNC(CC1=O)C(=O)O	11008023				20	001Chemical; AChemBlock; AiFChem, an XtalPi Company; Ambeed; Angene Chemical	
PUBCHEM:12876353	AGN-PC-00JW3C		C1=NC2=C(C(=N1)N)N=CN2C3C4C(C(O3)COP(=O)(O)OS(=O)(=O)O)OP(=O)(O4)O	12876353				0		
CHEMBL318812	AGN-PC-0IX121		CN1CC2CC1CC(C2)OC(=O)C(C3=CC=CC=C3)(C4=CC=CC=C4)O					0		ChEMBL
PUBCHEM:19002523	S-lactoylcysteine		CC(C(=O)SCC(C(=O)O)N)O	19002523				0		
PUBCHEM:20516571	N-dimethyl-L-threonine		CC(C(C(=O)O)N(C)C)O	20516571				4	AKos Consulting & Solutions; MolCore; MolCore; MolCore	
PUBCHEM:25122322	4'-O-Benzyl paromomycin		C1C(C(C(C(C1N)OC2C(C(C(C(O2)CO)OCC3=CC=CC=C3)O)N)OC4C(C(C(O4)CO)OC5C(C(C(C(O5)CN)O)O)N)O)O)N	25122322				0		
PUBCHEM:49867307	3-Hydroxy-2-Iminopropanoic Acid		C(C(=N)C(=O)O)O	49867307				0		
PUBCHEM:49867308	3-quinuclidinylthiomethyl		CSC1CN2CCC1CC2	49867308				0		
PUBCHEM:53654133	CTK0A1398		CSC(C(C(=O)O)N)C(=O)O	53654133				1	Ambinter	
CHEMBL2338710	AGN-PC-0J2N9U		CCC1C2(C(C(C(=O)C(CC(C(C(C(C(C(=O)O1)C)OC(=O)N3CC(CC3C4=CN=CC=C4)(C)C)C)OC5C(C(CC(O5)C)N(C)C)O)(C)OC)C)C)NC(=O)O2)C					0		ChEMBL
