compound_id	best_metapath	best_target_gene	dwpc_at_best	p_cell_min	p_minp	q_bh	p_bonferroni	p_westfall_young	n_permutations	significant_bh	significant_bonferroni	significant_wy
CHEMBL5653589	CbGpPW	EEF1A2	0.2561702168637927	9.999000099990002e-05	9.999000099990002e-05	0.011148885111488852	0.04459554044595541	9.999000099990002e-05	10000	True	True	True
CHEMBL692	CsGiG	EEF1A2	0.1743517509540071	9.999000099990002e-05	9.999000099990002e-05	0.011148885111488852	0.04459554044595541	9.999000099990002e-05	10000	True	True	True
CHEMBL1214873	CsGiG	EEF1A2	0.1525607889467058	9.999000099990002e-05	9.999000099990002e-05	0.011148885111488852	0.04459554044595541	9.999000099990002e-05	10000	True	True	True
CHEMBL113178	CsGiG	EEF1A2	0.1558929466046397	9.999000099990002e-05	9.999000099990002e-05	0.011148885111488852	0.04459554044595541	9.999000099990002e-05	10000	True	True	True
CHEMBL1236347	CsGiG	EEF1A2	0.1525607889467058	0.00019998000199980003	0.00039996000399960006	0.027872212778722125	0.17838216178382163	0.11148885111488852	10000	True	False	False
CHEMBL1159819	CsGiG	EEF1A2	0.1355358062579397	0.00019998000199980003	0.0004999500049995	0.027872212778722125	0.222977702229777	0.11148885111488852	10000	True	False	False
PUBCHEM:84265	CsGiG	EEF1A2	0.1525607889467058	0.00029997000299970003	0.0004999500049995	0.027872212778722125	0.222977702229777	0.19708029197080293	10000	True	False	False
CHEMBL1200456	CsGiG	EEF1A2	0.1155794387967333	0.00019998000199980003	0.0004999500049995	0.027872212778722125	0.222977702229777	0.11148885111488852	10000	True	False	False
PUBCHEM:16760241	CsGiG	EEF1A2	0.1525607889467058	0.00029997000299970003	0.0005999400059994001	0.029730360297303603	0.2675732426757324	0.19708029197080293	10000	True	False	False
PUBCHEM:448209	CsGiG	EEF1A2	0.1525607889467058	0.00029997000299970003	0.0006999300069993001	0.030873835693353738	0.31216878312168783	0.19708029197080293	10000	True	False	False
CHEMBL1200547	CsGiG	EEF1A2	0.1355358062579397	0.00029997000299970003	0.0008999100089991	0.030873835693353738	0.40135986401359863	0.19708029197080293	10000	True	False	False
CHEMBL1232461	CbGpPW	EEF1A2	0.2014238313290769	0.00019998000199980003	0.000999900009999	0.030873835693353738	0.445955404459554	0.11148885111488852	10000	True	False	False
PUBCHEM:444104	CsGpPW	EEF1A2	0.0440893368118838	0.0005999400059994001	0.0012998700129987	0.030873835693353738	0.5797420257974202	0.40315968403159685	10000	True	False	False
CHEMBL1160571	CsGiG	EEF1A2	0.0852885491135841	0.0004999500049995	0.0013998600139986002	0.030873835693353738	0.6243375662433757	0.34056594340565943	10000	True	False	False
PUBCHEM:64730	CsGpPW	EEF1A2	0.0440893368118838	0.0006999300069993001	0.0014998500149985001	0.030873835693353738	0.668933106689331	0.45345465453454653	10000	True	False	False
CHEMBL119596	CsGpPW	EEF1A2	0.0440893368118838	0.0005999400059994001	0.0015998400159984002	0.030873835693353738	0.7135286471352865	0.40315968403159685	10000	True	False	False
CHEMBL1206211	CsGpPW	EEF1A2	0.0440893368118838	0.0007999200079992001	0.0015998400159984002	0.030873835693353738	0.7135286471352865	0.504049595040496	10000	True	False	False
PUBCHEM:49866839	CsGpPW	EEF1A2	0.0440893368118838	0.0006999300069993001	0.0015998400159984002	0.030873835693353738	0.7135286471352865	0.45345465453454653	10000	True	False	False
CHEMBL177327	CsGpPW	EEF1A2	0.0440893368118838	0.0007999200079992001	0.0015998400159984002	0.030873835693353738	0.7135286471352865	0.504049595040496	10000	True	False	False
PUBCHEM:3486	CsGpPW	EEF1A2	0.0440893368118838	0.0007999200079992001	0.0016998300169983002	0.030873835693353738	0.7581241875812419	0.504049595040496	10000	True	False	False
PUBCHEM:5288232	CsGpPW	EEF1A2	0.0440893368118838	0.0007999200079992001	0.0016998300169983002	0.030873835693353738	0.7581241875812419	0.504049595040496	10000	True	False	False
CHEMBL1229766	CsGpPW	EEF1A2	0.0440893368118838	0.0008999100089991	0.0018998100189981002	0.030873835693353738	0.8473152684731527	0.5508449155084492	10000	True	False	False
CHEMBL318812	CsGpPW	EEF1A2	0.0440893368118838	0.0006999300069993001	0.0018998100189981002	0.030873835693353738	0.8473152684731527	0.45345465453454653	10000	True	False	False
CHEMBL1356	CsGpPW	EEF1A2	0.0440893368118838	0.0008999100089991	0.001999800019998	0.030873835693353738	0.891910808919108	0.5508449155084492	10000	True	False	False
PUBCHEM:19002523	CsGpPW	EEF1A2	0.0440893368118838	0.0008999100089991	0.001999800019998	0.030873835693353738	0.891910808919108	0.5508449155084492	10000	True	False	False
CHEMBL321214	CsGpPW	EEF1A2	0.0440893368118838	0.0008999100089991	0.0020997900209979003	0.030873835693353738	0.9365063493650635	0.5508449155084492	10000	True	False	False
CHEMBL1235254	CsGpPW	EEF1A2	0.0440893368118838	0.0008999100089991	0.0020997900209979003	0.030873835693353738	0.9365063493650635	0.5508449155084492	10000	True	False	False
PUBCHEM:6857725	CsGpPW	EEF1A2	0.0440893368118838	0.000999900009999	0.0020997900209979003	0.030873835693353738	0.9365063493650635	0.5908409159084091	10000	True	False	False
CHEMBL1255943	CsGpPW	EEF1A2	0.0440893368118838	0.000999900009999	0.0021997800219978004	0.030873835693353738	0.981101889811019	0.5908409159084091	10000	True	False	False
CHEMBL1372	CsGpPW	EEF1A2	0.0440893368118838	0.000999900009999	0.0021997800219978004	0.030873835693353738	0.981101889811019	0.5908409159084091	10000	True	False	False
PUBCHEM:5133	CsGpPW	EEF1A2	0.0440893368118838	0.0008999100089991	0.0021997800219978004	0.030873835693353738	0.981101889811019	0.5508449155084492	10000	True	False	False
CHEMBL1236315	CsGiG	EEF1A2	0.0852885491135841	0.0006999300069993001	0.0022997700229977	0.030873835693353738	1.0	0.45345465453454653	10000	True	False	False
CHEMBL572546	CsGiG	EEF1A2	0.0852885491135841	0.0006999300069993001	0.0024997500249975004	0.030873835693353738	1.0	0.45345465453454653	10000	True	False	False
PUBCHEM:4473092	CsGpPW	EEF1A2	0.0440893368118838	0.0010998900109989002	0.0024997500249975004	0.030873835693353738	1.0	0.6305369463053695	10000	True	False	False
CHEMBL1161633	CsGiG	EEF1A2	0.0852885491135841	0.0006999300069993001	0.0024997500249975004	0.030873835693353738	1.0	0.45345465453454653	10000	True	False	False
CHEMBL100476	CsGpPW	EEF1A2	0.0440893368118838	0.0008999100089991	0.0024997500249975004	0.030873835693353738	1.0	0.5508449155084492	10000	True	False	False
CHEMBL2097002	CsGiG	EEF1A2	0.0852885491135841	0.0008999100089991	0.0026997300269973002	0.030873835693353738	1.0	0.5508449155084492	10000	True	False	False
CHEMBL1543	CsGpPW	EEF1A2	0.0440893368118838	0.0011998800119988001	0.0027997200279972004	0.030873835693353738	1.0	0.6672332766723328	10000	True	False	False
PUBCHEM:97538	CsGpPW	EEF1A2	0.0440893368118838	0.0013998600139986002	0.0030996900309969004	0.030873835693353738	1.0	0.732026797320268	10000	True	False	False
CHEMBL1208642	CsGiG	EEF1A2	0.0852885491135841	0.000999900009999	0.0031996800319968005	0.030873835693353738	1.0	0.5908409159084091	10000	True	False	False
PUBCHEM:5326960	CsGpPW	EEF1A2	0.0440893368118838	0.0013998600139986002	0.0031996800319968005	0.030873835693353738	1.0	0.732026797320268	10000	True	False	False
PUBCHEM:2891	CsGiG	EEF1A2	0.0852885491135841	0.0008999100089991	0.0031996800319968005	0.030873835693353738	1.0	0.5508449155084492	10000	True	False	False
PUBCHEM:18931838	CsGiG	EEF1A2	0.0852885491135841	0.000999900009999	0.0032996700329967	0.030873835693353738	1.0	0.5908409159084091	10000	True	False	False
CHEMBL1200861	CsGiG	EEF1A2	0.0852885491135841	0.0008999100089991	0.0032996700329967	0.030873835693353738	1.0	0.5508449155084492	10000	True	False	False
PUBCHEM:5287712	CsGpPW	EEF1A2	0.0440893368118838	0.0011998800119988001	0.0033996600339966003	0.030873835693353738	1.0	0.6672332766723328	10000	True	False	False
CHEMBL359504	CsGpPW	EEF1A2	0.0440893368118838	0.0012998700129987	0.0033996600339966003	0.030873835693353738	1.0	0.7011298870112989	10000	True	False	False
CHEMBL2146121	CsGiG	EEF1A2	0.091905738977668	0.000999900009999	0.0034996500349965005	0.030873835693353738	1.0	0.5908409159084091	10000	True	False	False
CHEMBL1235226	CsGiG	EEF1A2	0.0852885491135841	0.0011998800119988001	0.0035996400359964	0.030873835693353738	1.0	0.6672332766723328	10000	True	False	False
CHEMBL345292	CsGpPW	EEF1A2	0.0440893368118838	0.0013998600139986002	0.0035996400359964	0.030873835693353738	1.0	0.732026797320268	10000	True	False	False
PUBCHEM:10214	CsGiG	EEF1A2	0.0852885491135841	0.0010998900109989002	0.0035996400359964	0.030873835693353738	1.0	0.6305369463053695	10000	True	False	False
PUBCHEM:18628280	CsGiG	EEF1A2	0.0852885491135841	0.000999900009999	0.0035996400359964	0.030873835693353738	1.0	0.5908409159084091	10000	True	False	False
PUBCHEM:20042692	CsGiG	EEF1A2	0.1155794387967333	0.000999900009999	0.0035996400359964	0.030873835693353738	1.0	0.5908409159084091	10000	True	False	False
PUBCHEM:4631220	CsGpPW	EEF1A2	0.0440893368118838	0.0015998400159984002	0.0038996100389961006	0.031295116102424844	1.0	0.7841215878412159	10000	True	False	False
PUBCHEM:783	CsGiG	EEF1A2	0.0852885491135841	0.0010998900109989002	0.003999600039996	0.031295116102424844	1.0	0.6305369463053695	10000	True	False	False
CHEMBL1230989	CsGiG	EEF1A2	0.0852885491135841	0.0011998800119988001	0.003999600039996	0.031295116102424844	1.0	0.6672332766723328	10000	True	False	False
PUBCHEM:440758	CsGiG	EEF1A2	0.0852885491135841	0.0011998800119988001	0.003999600039996	0.031295116102424844	1.0	0.6672332766723328	10000	True	False	False
CHEMBL1234276	CsGiG	EEF1A2	0.091905738977668	0.0010998900109989002	0.003999600039996	0.031295116102424844	1.0	0.6305369463053695	10000	True	False	False
PUBCHEM:24892762	CsGiG	EEF1A2	0.0852885491135841	0.0013998600139986002	0.0045995400459954	0.035368876905412905	1.0	0.732026797320268	10000	True	False	False
PUBCHEM:20395750	CsGiG	EEF1A2	0.091905738977668	0.0012998700129987	0.0046995300469953	0.035525261033218715	1.0	0.7011298870112989	10000	True	False	False
PUBCHEM:23977	CsGiG	EEF1A2	0.0852885491135841	0.0013998600139986002	0.004899510048995101	0.03641969136419691	1.0	0.732026797320268	10000	True	False	False
PUBCHEM:990	CsGiG	EEF1A2	0.0852885491135841	0.0013998600139986002	0.004999500049995001	0.036553721677012624	1.0	0.732026797320268	10000	True	False	False
CHEMBL1200391	CsGiG	EEF1A2	0.091905738977668	0.0013998600139986002	0.0051994800519948	0.03740271134176905	1.0	0.732026797320268	10000	True	False	False
CHEMBL457299	CsGiG	EEF1A2	0.091905738977668	0.0014998500149985001	0.0053994600539946005	0.03822474895367606	1.0	0.7609239076092391	10000	True	False	False
CHEMBL3752910	CbGiG	EEF1A1	0.4173306289570891	0.0006999300069993001	0.006099390060993901	0.04250512448755125	1.0	0.45345465453454653	10000	True	False	False
CHEMBL254951	CsGpPW	EEF1A2	0.0334134691061145	0.0036996300369963003	0.013498650134986502	0.09256953092569531	1.0	0.9724027597240276	10000	False	False	False
CHEMBL1802973	CbGpBP	EEF1A2	0.1424255731043326	0.0017998200179982	0.0136986301369863	0.09256953092569531	1.0	0.8212178782121787	10000	False	False	False
CHEMBL1802814	CbGpBP	EEF1A2	0.1424255731043326	0.0021997800219978004	0.016698330166983303	0.11115604857424706	1.0	0.8812118788121188	10000	False	False	False
CHEMBL284377	CsGpPW	EEF1A1	0.0428892327237658	0.008599140085991401	0.025197480251974803	0.16480960599592215	1.0	1.0	10000	False	False	False
CHEMBL1418244	CsGpPW	EEF1A1	0.0428892327237658	0.0086991300869913	0.0254974502549745	0.16480960599592215	1.0	1.0	10000	False	False	False
CHEMBL1802815	CbGpBP	EEF1A2	0.1424255731043326	0.0031996800319968005	0.025897410258974102	0.16500349965003497	1.0	0.9534046595340466	10000	False	False	False
CHEMBL1261	CsGiG	EEF1A2	0.0819156981013864	0.007899210078992101	0.029497050294970503	0.1827178393271784	1.0	1.0	10000	False	False	False
PUBCHEM:3246323	CsGpPW	EEF1A1	0.0428892327237658	0.010798920107989201	0.029497050294970503	0.1827178393271784	1.0	1.0	10000	False	False	False
CHEMBL1742182	CsGpPW	EEF1A1	0.0428892327237658	0.012098790120987902	0.0313968603139686	0.19182191369904106	1.0	1.0	10000	False	False	False
CHEMBL3301622	CbGpMF	EEF1A2	0.0936799497102523	0.010198980101989802	0.054894510548945105	0.2820827965050385	1.0	1.0	10000	False	False	False
CHEMBL1627076	CsGpPW	EEF1A1	0.0493551383964375	0.0182981701829817	0.0580941905809419	0.2820827965050385	1.0	1.0	10000	False	False	False
PUBCHEM:46936762	CsGiG	EEF1A2	0.0520228324449578	0.018998100189981004	0.0598940105989401	0.2820827965050385	1.0	1.0	10000	False	False	False
CHEMBL1627075	CsGiG	EEF1A2	0.0801410308060595	0.0164983501649835	0.06059394060593941	0.2820827965050385	1.0	1.0	10000	False	False	False
PUBCHEM:12876354	CsGiG	EEF1A2	0.0520228324449578	0.0198980101989801	0.060693930606939304	0.2820827965050385	1.0	1.0	10000	False	False	False
CHEMBL1329786	CsGiG	EEF1A2	0.0801410308060595	0.016698330166983303	0.06079392060793921	0.2820827965050385	1.0	1.0	10000	False	False	False
CHEMBL1232391	CsGiG	EEF1A2	0.0520228324449578	0.019498050194980503	0.0608939106089391	0.2820827965050385	1.0	1.0	10000	False	False	False
CHEMBL1242996	CsGpPW	EEF1A1	0.0493551383964375	0.0193980601939806	0.061693830616938304	0.2820827965050385	1.0	1.0	10000	False	False	False
PUBCHEM:46936447	CsGiG	EEF1A2	0.0520228324449578	0.020597940205979402	0.0633936606339366	0.2820827965050385	1.0	1.0	10000	False	False	False
PUBCHEM:4473609	CsGiG	EEF1A2	0.0520228324449578	0.020997900209979003	0.06409359064093591	0.2820827965050385	1.0	1.0	10000	False	False	False
PUBCHEM:12876353	CsGiG	EEF1A2	0.0520228324449578	0.019998000199980003	0.06479352064793521	0.2820827965050385	1.0	1.0	10000	False	False	False
CHEMBL2137046	CsGiG	EEF1A2	0.0520228324449578	0.020997900209979003	0.064993500649935	0.2820827965050385	1.0	1.0	10000	False	False	False
CHEMBL406270	CsGiG	EEF1A2	0.0520228324449578	0.022097790220977902	0.0655934406559344	0.2820827965050385	1.0	1.0	10000	False	False	False
PUBCHEM:620	CsGiG	EEF1A2	0.0520228324449578	0.021497850214978503	0.06579342065793421	0.2820827965050385	1.0	1.0	10000	False	False	False
CHEMBL489	CsGiG	EEF1A2	0.0520228324449578	0.021897810218978103	0.06619338066193381	0.2820827965050385	1.0	1.0	10000	False	False	False
CHEMBL1231071	CsGiG	EEF1A2	0.0520228324449578	0.021997800219978002	0.0678932106789321	0.2820827965050385	1.0	1.0	10000	False	False	False
PUBCHEM:188966	CsGiG	EEF1A2	0.0520228324449578	0.022297770222977704	0.07089291070892911	0.2820827965050385	1.0	1.0	10000	False	False	False
PUBCHEM:14888	CsGpPW	EEF1A1	0.0464749896294535	0.0235976402359764	0.0714928507149285	0.2820827965050385	1.0	1.0	10000	False	False	False
CHEMBL1233085	CsGiG	EEF1A1	0.0833330980317322	0.027597240275972403	0.0917908209179082	0.2820827965050385	1.0	1.0	10000	False	False	False
CHEMBL3191218	CsGiG	EEF1A2	0.0367210942289852	0.03899610038996101	0.11228877112288771	0.2820827965050385	1.0	1.0	10000	False	False	False
CHEMBL1971760	CsGiG	EEF1A2	0.0367210942289852	0.041995800419958006	0.11348865113488651	0.2820827965050385	1.0	1.0	10000	False	False	False
CHEMBL3198633	CsGiG	EEF1A2	0.0367210942289852	0.04329567043295671	0.11678832116788321	0.2820827965050385	1.0	1.0	10000	False	False	False
CHEMBL1320794	CsGiG	EEF1A2	0.0367210942289852	0.04229577042295771	0.11688831116888311	0.2820827965050385	1.0	1.0	10000	False	False	False
CHEMBL1480522	CsGiG	EEF1A2	0.0367210942289852	0.043195680431956804	0.11798820117988201	0.2820827965050385	1.0	1.0	10000	False	False	False
CHEMBL25	CsGiG	EEF1A2	0.0367210942289852	0.0435956404359564	0.11878812118788121	0.2820827965050385	1.0	1.0	10000	False	False	False
CHEMBL1339283	CsGiG	EEF1A2	0.0367210942289852	0.041995800419958006	0.11938806119388061	0.2820827965050385	1.0	1.0	10000	False	False	False
CHEMBL1352521	CsGiG	EEF1A2	0.0367210942289852	0.04279572042795721	0.11938806119388061	0.2820827965050385	1.0	1.0	10000	False	False	False
CHEMBL1904348	CsGiG	EEF1A2	0.0367210942289852	0.0425957404259574	0.11948805119488051	0.2820827965050385	1.0	1.0	10000	False	False	False
CHEMBL1595790	CsGiG	EEF1A2	0.0367210942289852	0.0428957104289571	0.11948805119488051	0.2820827965050385	1.0	1.0	10000	False	False	False
CHEMBL1140	CsGiG	EEF1A2	0.0367210942289852	0.0435956404359564	0.11988801119888011	0.2820827965050385	1.0	1.0	10000	False	False	False
CHEMBL1461730	CsGiG	EEF1A2	0.0367210942289852	0.04459554044595541	0.12018798120187982	0.2820827965050385	1.0	1.0	10000	False	False	False
CHEMBL1403014	CsGiG	EEF1A2	0.0367210942289852	0.0453954604539546	0.1202879712028797	0.2820827965050385	1.0	1.0	10000	False	False	False
CHEMBL1329446	CsGiG	EEF1A2	0.0367210942289852	0.04329567043295671	0.12068793120687932	0.2820827965050385	1.0	1.0	10000	False	False	False
CHEMBL1324188	CsGiG	EEF1A2	0.0367210942289852	0.04739526047395261	0.12108789121087891	0.2820827965050385	1.0	1.0	10000	False	False	False
CHEMBL1383149	CsGiG	EEF1A2	0.0367210942289852	0.044795520447955206	0.12108789121087891	0.2820827965050385	1.0	1.0	10000	False	False	False
CHEMBL1200929	CsGiG	EEF1A2	0.0367210942289852	0.0443955604439556	0.12108789121087891	0.2820827965050385	1.0	1.0	10000	False	False	False
PUBCHEM:447049	CsGiG	EEF1A2	0.0367210942289852	0.043695630436956304	0.1212878712128787	0.2820827965050385	1.0	1.0	10000	False	False	False
CHEMBL1351908	CsGiG	EEF1A2	0.0367210942289852	0.04459554044595541	0.12138786121387861	0.2820827965050385	1.0	1.0	10000	False	False	False
CHEMBL1310435	CsGiG	EEF1A2	0.0367210942289852	0.046795320467953205	0.12138786121387861	0.2820827965050385	1.0	1.0	10000	False	False	False
CHEMBL1973921	CsGiG	EEF1A2	0.0367210942289852	0.0451954804519548	0.12148785121487851	0.2820827965050385	1.0	1.0	10000	False	False	False
CHEMBL3190653	CsGiG	EEF1A2	0.0367210942289852	0.044195580441955803	0.12168783121687832	0.2820827965050385	1.0	1.0	10000	False	False	False
CHEMBL1378232	CsGiG	EEF1A2	0.0367210942289852	0.043995600439956005	0.12188781121887811	0.2820827965050385	1.0	1.0	10000	False	False	False
CHEMBL3192121	CsGiG	EEF1A2	0.0367210942289852	0.044795520447955206	0.12198780121987801	0.2820827965050385	1.0	1.0	10000	False	False	False
CHEMBL1537098	CsGiG	EEF1A2	0.0367210942289852	0.045495450454954504	0.12198780121987801	0.2820827965050385	1.0	1.0	10000	False	False	False
PUBCHEM:444493	CsGiG	EEF1A2	0.0367210942289852	0.044995500449955005	0.12198780121987801	0.2820827965050385	1.0	1.0	10000	False	False	False
CHEMBL1500447	CsGiG	EEF1A2	0.0367210942289852	0.045495450454954504	0.12208779122087791	0.2820827965050385	1.0	1.0	10000	False	False	False
CHEMBL1301042	CsGiG	EEF1A2	0.0367210942289852	0.0453954604539546	0.12218778122187782	0.2820827965050385	1.0	1.0	10000	False	False	False
CHEMBL1352897	CsGiG	EEF1A2	0.0367210942289852	0.043995600439956005	0.12218778122187782	0.2820827965050385	1.0	1.0	10000	False	False	False
CHEMBL1406361	CsGiG	EEF1A2	0.0367210942289852	0.04459554044595541	0.12218778122187782	0.2820827965050385	1.0	1.0	10000	False	False	False
CHEMBL1423731	CsGiG	EEF1A2	0.0367210942289852	0.0456954304569543	0.1222877712228777	0.2820827965050385	1.0	1.0	10000	False	False	False
CHEMBL1583837	CsGiG	EEF1A2	0.0367210942289852	0.043995600439956005	0.12238776122387761	0.2820827965050385	1.0	1.0	10000	False	False	False
CHEMBL1310144	CsGiG	EEF1A2	0.0367210942289852	0.045295470452954706	0.12258774122587741	0.2820827965050385	1.0	1.0	10000	False	False	False
PUBCHEM:72193709	CsGiG	EEF1A2	0.0367210942289852	0.0448955104489551	0.12268773122687732	0.2820827965050385	1.0	1.0	10000	False	False	False
CHEMBL215645	CsGiG	EEF1A2	0.0367210942289852	0.044295570442955706	0.12288771122887711	0.2820827965050385	1.0	1.0	10000	False	False	False
CHEMBL1569984	CsGiG	EEF1A2	0.0367210942289852	0.0466953304669533	0.12298770122987701	0.2820827965050385	1.0	1.0	10000	False	False	False
CHEMBL1587117	CsGiG	EEF1A2	0.0367210942289852	0.0458954104589541	0.12298770122987701	0.2820827965050385	1.0	1.0	10000	False	False	False
CHEMBL1230866	CsGiG	EEF1A2	0.0367210942289852	0.045495450454954504	0.12318768123187682	0.2820827965050385	1.0	1.0	10000	False	False	False
CHEMBL1732490	CsGiG	EEF1A2	0.0367210942289852	0.046495350464953504	0.1232876712328767	0.2820827965050385	1.0	1.0	10000	False	False	False
CHEMBL151763	CsGiG	EEF1A2	0.0367210942289852	0.04609539046095391	0.12338766123387661	0.2820827965050385	1.0	1.0	10000	False	False	False
CHEMBL1496413	CsGiG	EEF1A2	0.0367210942289852	0.0438956104389561	0.12338766123387661	0.2820827965050385	1.0	1.0	10000	False	False	False
CHEMBL1255782	CsGiG	EEF1A2	0.0367210942289852	0.044795520447955206	0.12348765123487651	0.2820827965050385	1.0	1.0	10000	False	False	False
CHEMBL1503659	CsGiG	EEF1A2	0.0367210942289852	0.044795520447955206	0.12358764123587641	0.2820827965050385	1.0	1.0	10000	False	False	False
CHEMBL1241153	CsGiG	EEF1A2	0.0367210942289852	0.0448955104489551	0.12358764123587641	0.2820827965050385	1.0	1.0	10000	False	False	False
CHEMBL3193530	CsGiG	EEF1A2	0.0367210942289852	0.045295470452954706	0.12368763123687632	0.2820827965050385	1.0	1.0	10000	False	False	False
CHEMBL348107	CsGiG	EEF1A2	0.0367210942289852	0.0451954804519548	0.12378762123787622	0.2820827965050385	1.0	1.0	10000	False	False	False
CHEMBL1518184	CsGiG	EEF1A2	0.0367210942289852	0.045995400459954004	0.12378762123787622	0.2820827965050385	1.0	1.0	10000	False	False	False
CHEMBL3195389	CsGiG	EEF1A2	0.0367210942289852	0.04709529047095291	0.12388761123887611	0.2820827965050385	1.0	1.0	10000	False	False	False
CHEMBL2105994	CsGiG	EEF1A2	0.0367210942289852	0.0458954104589541	0.12408759124087591	0.2820827965050385	1.0	1.0	10000	False	False	False
CHEMBL1495977	CsGiG	EEF1A2	0.0367210942289852	0.0448955104489551	0.12418758124187582	0.2820827965050385	1.0	1.0	10000	False	False	False
CHEMBL1240927	CsGiG	EEF1A2	0.0367210942289852	0.0463953604639536	0.12428757124287572	0.2820827965050385	1.0	1.0	10000	False	False	False
CHEMBL3199915	CsGiG	EEF1A2	0.0367210942289852	0.045295470452954706	0.12438756124387561	0.2820827965050385	1.0	1.0	10000	False	False	False
CHEMBL405317	CsGiG	EEF1A2	0.0367210942289852	0.046795320467953205	0.12458754124587541	0.2820827965050385	1.0	1.0	10000	False	False	False
CHEMBL1605795	CsGiG	EEF1A2	0.0367210942289852	0.046495350464953504	0.12458754124587541	0.2820827965050385	1.0	1.0	10000	False	False	False
CHEMBL3195657	CsGiG	EEF1A2	0.0367210942289852	0.04609539046095391	0.12458754124587541	0.2820827965050385	1.0	1.0	10000	False	False	False
CHEMBL261123	CsGiG	EEF1A2	0.0367210942289852	0.046795320467953205	0.12478752124787522	0.2820827965050385	1.0	1.0	10000	False	False	False
CHEMBL1392611	CsGiG	EEF1A2	0.0367210942289852	0.04659534046595341	0.12488751124887511	0.2820827965050385	1.0	1.0	10000	False	False	False
CHEMBL3192138	CsGiG	EEF1A2	0.0367210942289852	0.044495550444955505	0.12518748125187482	0.2820827965050385	1.0	1.0	10000	False	False	False
CHEMBL2004141	CsGiG	EEF1A2	0.0367210942289852	0.046795320467953205	0.1252874712528747	0.2820827965050385	1.0	1.0	10000	False	False	False
PUBCHEM:5321487	CsGiG	EEF1A2	0.0367210942289852	0.04689531046895311	0.1254874512548745	0.2820827965050385	1.0	1.0	10000	False	False	False
CHEMBL1569988	CsGiG	EEF1A2	0.0367210942289852	0.04739526047395261	0.1254874512548745	0.2820827965050385	1.0	1.0	10000	False	False	False
CHEMBL1361922	CsGiG	EEF1A2	0.0367210942289852	0.045495450454954504	0.1254874512548745	0.2820827965050385	1.0	1.0	10000	False	False	False
CHEMBL1330583	CsGiG	EEF1A2	0.0367210942289852	0.045995400459954004	0.1254874512548745	0.2820827965050385	1.0	1.0	10000	False	False	False
CHEMBL1098659	CsGiG	EEF1A2	0.0367210942289852	0.047495250474952504	0.1255874412558744	0.2820827965050385	1.0	1.0	10000	False	False	False
CHEMBL1376	CsGiG	EEF1A2	0.0367210942289852	0.045995400459954004	0.1257874212578742	0.2820827965050385	1.0	1.0	10000	False	False	False
CHEMBL1583768	CsGiG	EEF1A2	0.0367210942289852	0.0435956404359564	0.12588741125887412	0.2820827965050385	1.0	1.0	10000	False	False	False
CHEMBL1910655	CsGiG	EEF1A2	0.0367210942289852	0.0471952804719528	0.125987401259874	0.2820827965050385	1.0	1.0	10000	False	False	False
CHEMBL3191946	CsGiG	EEF1A2	0.0367210942289852	0.04739526047395261	0.125987401259874	0.2820827965050385	1.0	1.0	10000	False	False	False
CHEMBL1312738	CsGiG	EEF1A2	0.0367210942289852	0.04709529047095291	0.125987401259874	0.2820827965050385	1.0	1.0	10000	False	False	False
CHEMBL1363796	CsGiG	EEF1A2	0.0367210942289852	0.04659534046595341	0.1260873912608739	0.2820827965050385	1.0	1.0	10000	False	False	False
CHEMBL1507250	CsGiG	EEF1A2	0.0367210942289852	0.047595240475952406	0.12618738126187382	0.2820827965050385	1.0	1.0	10000	False	False	False
PUBCHEM:197474	CsGiG	EEF1A2	0.0367210942289852	0.045795420457954206	0.1262873712628737	0.2820827965050385	1.0	1.0	10000	False	False	False
CHEMBL1417851	CsGiG	EEF1A2	0.0367210942289852	0.049295070492950704	0.12638736126387362	0.2820827965050385	1.0	1.0	10000	False	False	False
CHEMBL1213327	CsGiG	EEF1A2	0.0367210942289852	0.0481951804819518	0.1264873512648735	0.2820827965050385	1.0	1.0	10000	False	False	False
CHEMBL1453996	CsGiG	EEF1A2	0.0367210942289852	0.046495350464953504	0.1264873512648735	0.2820827965050385	1.0	1.0	10000	False	False	False
CHEMBL177367	CsGiG	EEF1A2	0.0367210942289852	0.045995400459954004	0.12658734126587343	0.2820827965050385	1.0	1.0	10000	False	False	False
CHEMBL165	CsGiG	EEF1A2	0.0367210942289852	0.04659534046595341	0.12658734126587343	0.2820827965050385	1.0	1.0	10000	False	False	False
CHEMBL1605021	CsGiG	EEF1A2	0.0367210942289852	0.047295270472952705	0.1267873212678732	0.2820827965050385	1.0	1.0	10000	False	False	False
CHEMBL1339678	CsGiG	EEF1A2	0.0367210942289852	0.048095190480951906	0.1267873212678732	0.2820827965050385	1.0	1.0	10000	False	False	False
CHEMBL3198939	CsGiG	EEF1A2	0.0367210942289852	0.0456954304569543	0.1267873212678732	0.2820827965050385	1.0	1.0	10000	False	False	False
CHEMBL1573994	CsGiG	EEF1A2	0.0367210942289852	0.046295370462953706	0.12688731126887312	0.2820827965050385	1.0	1.0	10000	False	False	False
CHEMBL1488586	CsGiG	EEF1A2	0.0367210942289852	0.048295170482951705	0.12708729127087293	0.2820827965050385	1.0	1.0	10000	False	False	False
CHEMBL278315	CsGiG	EEF1A2	0.0367210942289852	0.048995100489951	0.12708729127087293	0.2820827965050385	1.0	1.0	10000	False	False	False
CHEMBL1573366	CsGiG	EEF1A2	0.0367210942289852	0.047595240475952406	0.12718728127187282	0.2820827965050385	1.0	1.0	10000	False	False	False
CHEMBL1333930	CsGiG	EEF1A2	0.0367210942289852	0.047795220477952205	0.1272872712728727	0.2820827965050385	1.0	1.0	10000	False	False	False
CHEMBL1486874	CsGiG	EEF1A2	0.0367210942289852	0.046795320467953205	0.1272872712728727	0.2820827965050385	1.0	1.0	10000	False	False	False
CHEMBL1506503	CsGiG	EEF1A2	0.0367210942289852	0.0456954304569543	0.12738726127387262	0.2820827965050385	1.0	1.0	10000	False	False	False
CHEMBL1579258	CsGiG	EEF1A2	0.0367210942289852	0.047995200479952004	0.1274872512748725	0.2820827965050385	1.0	1.0	10000	False	False	False
CHEMBL1606031	CsGiG	EEF1A2	0.0367210942289852	0.04889511048895111	0.1274872512748725	0.2820827965050385	1.0	1.0	10000	False	False	False
PUBCHEM:181	CsGiG	EEF1A2	0.0367210942289852	0.04989501049895011	0.12788721127887212	0.2820827965050385	1.0	1.0	10000	False	False	False
CHEMBL1610938	CsGiG	EEF1A2	0.0367210942289852	0.0481951804819518	0.127987201279872	0.2820827965050385	1.0	1.0	10000	False	False	False
CHEMBL1965654	CsGiG	EEF1A2	0.0367210942289852	0.048295170482951705	0.127987201279872	0.2820827965050385	1.0	1.0	10000	False	False	False
CHEMBL441	CsGiG	EEF1A2	0.0367210942289852	0.0466953304669533	0.12808719128087193	0.2820827965050385	1.0	1.0	10000	False	False	False
CHEMBL1472925	CsGiG	EEF1A2	0.0367210942289852	0.0481951804819518	0.12808719128087193	0.2820827965050385	1.0	1.0	10000	False	False	False
CHEMBL1385073	CsGiG	EEF1A2	0.0367210942289852	0.04739526047395261	0.12818718128187181	0.2820827965050385	1.0	1.0	10000	False	False	False
CHEMBL15770	CsGiG	EEF1A2	0.0367210942289852	0.048995100489951	0.1282871712828717	0.2820827965050385	1.0	1.0	10000	False	False	False
CHEMBL1332512	CsGiG	EEF1A2	0.0367210942289852	0.048995100489951	0.12838716128387162	0.2820827965050385	1.0	1.0	10000	False	False	False
CHEMBL1562575	CsGiG	EEF1A2	0.0367210942289852	0.0476952304769523	0.12838716128387162	0.2820827965050385	1.0	1.0	10000	False	False	False
CHEMBL1457961	CsGiG	EEF1A2	0.0367210942289852	0.047795220477952205	0.1284871512848715	0.2820827965050385	1.0	1.0	10000	False	False	False
CHEMBL1470904	CsGiG	EEF1A2	0.0367210942289852	0.04889511048895111	0.12888711128887112	0.2820827965050385	1.0	1.0	10000	False	False	False
CHEMBL1525789	CsGiG	EEF1A2	0.0367210942289852	0.048295170482951705	0.12888711128887112	0.2820827965050385	1.0	1.0	10000	False	False	False
CHEMBL1303404	CsGiG	EEF1A2	0.0367210942289852	0.0466953304669533	0.128987101289871	0.2820827965050385	1.0	1.0	10000	False	False	False
CHEMBL374308	CsGiG	EEF1A2	0.0367210942289852	0.04689531046895311	0.12908709129087093	0.2820827965050385	1.0	1.0	10000	False	False	False
CHEMBL1165003	CsGiG	EEF1A2	0.0367210942289852	0.04839516048395161	0.12918708129187081	0.2820827965050385	1.0	1.0	10000	False	False	False
CHEMBL3193873	CsGiG	EEF1A2	0.0367210942289852	0.048795120487951205	0.12918708129187081	0.2820827965050385	1.0	1.0	10000	False	False	False
CHEMBL1234613	CsGiG	EEF1A2	0.0367210942289852	0.04789521047895211	0.12958704129587043	0.2820827965050385	1.0	1.0	10000	False	False	False
CHEMBL1351963	CsGiG	EEF1A2	0.0367210942289852	0.0491950804919508	0.12968703129687031	0.2820827965050385	1.0	1.0	10000	False	False	False
CHEMBL1539980	CsGiG	EEF1A2	0.0367210942289852	0.0484951504849515	0.1297870212978702	0.2820827965050385	1.0	1.0	10000	False	False	False
CHEMBL1320007	CsGiG	EEF1A2	0.0367210942289852	0.048095190480951906	0.12998700129987	0.2820827965050385	1.0	1.0	10000	False	False	False
CHEMBL1884996	CsGiG	EEF1A2	0.0367210942289852	0.050094990500949906	0.1302869713028697	0.2820827965050385	1.0	1.0	10000	False	False	False
CHEMBL3190911	CsGiG	EEF1A2	0.0367210942289852	0.048595140485951406	0.1302869713028697	0.2820827965050385	1.0	1.0	10000	False	False	False
CHEMBL1200864	CsGiG	EEF1A2	0.0367210942289852	0.047995200479952004	0.1302869713028697	0.2820827965050385	1.0	1.0	10000	False	False	False
CHEMBL1481543	CsGiG	EEF1A2	0.0367210942289852	0.045795420457954206	0.1304869513048695	0.2820827965050385	1.0	1.0	10000	False	False	False
CHEMBL1470676	CsGiG	EEF1A2	0.0367210942289852	0.047995200479952004	0.1304869513048695	0.2820827965050385	1.0	1.0	10000	False	False	False
CHEMBL1597561	CsGiG	EEF1A2	0.0367210942289852	0.049595040495950406	0.1312868713128687	0.2820827965050385	1.0	1.0	10000	False	False	False
CHEMBL1524482	CsGiG	EEF1A2	0.0367210942289852	0.049295070492950704	0.13158684131586842	0.2820827965050385	1.0	1.0	10000	False	False	False
PUBCHEM:23931	CsGiG	EEF1A2	0.0367210942289852	0.050094990500949906	0.1321867813218678	0.2820827965050385	1.0	1.0	10000	False	False	False
CHEMBL1392142	CsGiG	EEF1A2	0.0367210942289852	0.049095090490950906	0.1331866813318668	0.2827906782781437	1.0	1.0	10000	False	False	False
CHEMBL1376674	CsGiG	EEF1A2	0.0367210942289852	0.050094990500949906	0.1337866213378662	0.2827906782781437	1.0	1.0	10000	False	False	False
PUBCHEM:20274032	CsGiG	EEF1A2	0.0823472516829971	0.041695830416958304	0.14578542145785423	0.30669951872737256	1.0	1.0	10000	False	False	False
CHEMBL539	CsGiG	EEF1A2	0.0823472516829971	0.04279572042795721	0.1496850314968503	0.31342499552861613	1.0	1.0	10000	False	False	False
PUBCHEM:2514	CsGiG	EEF1A2	0.0823472516829971	0.0438956104389561	0.15228477152284772	0.31737854251957986	1.0	1.0	10000	False	False	False
PUBCHEM:1151030	CsGpPW	EEF1A1	0.0381381622436514	0.067993200679932	0.21327867213278673	0.44242924544754836	1.0	1.0	10000	False	False	False
PUBCHEM:923	CsGiG	EEF1A2	0.0696515255629159	0.07829217078292171	0.25477452254774524	0.5260622085939555	1.0	1.0	10000	False	False	False
CHEMBL1200760	CsGiG	EEF1A2	0.0696515255629159	0.08309169083091691	0.267973202679732	0.5507651999776981	1.0	1.0	10000	False	False	False
CHEMBL1090755	CsGiG	EEF1A1	0.0666565842432453	0.0912908709129087	0.2987701229877012	0.6112452974885998	1.0	1.0	10000	False	False	False
CHEMBL14830	CsGiG	EEF1A2	0.0902348714056084	0.0999900009999	0.32256774322567744	0.656918783007544	1.0	1.0	10000	False	False	False
CHEMBL14249	CsGiG	EEF1A2	0.0902348714056084	0.10628937106289371	0.3384661533846615	0.686163201861632	1.0	1.0	10000	False	False	False
CHEMBL1411246	CsGiG	EEF1A2	0.0902348714056084	0.10718928107189281	0.3408659134086591	0.6879013456120451	1.0	1.0	10000	False	False	False
CHEMBL1187	CsGiG	EEF1A1	0.1287456566975399	0.17068293170682933	0.4844515548445156	0.9732675381110538	1.0	1.0	10000	False	False	False
CHEMBL54976	CsGpPW	EEF1A1	0.0222352628276244	0.24267573242675733	0.5994400559944005	1.0	1.0	1.0	10000	False	False	False
PUBCHEM:4627981	CsGpPW	EEF1A1	0.0222352628276244	0.23847615238476152	0.6012398760123988	1.0	1.0	1.0	10000	False	False	False
PUBCHEM:4468926	CsGpPW	EEF1A1	0.0222352628276244	0.24707529247075294	0.6021397860213978	1.0	1.0	1.0	10000	False	False	False
CHEMBL1230732	CsGpPW	EEF1A1	0.0222352628276244	0.24467553244675533	0.6025397460253975	1.0	1.0	1.0	10000	False	False	False
PUBCHEM:20516571	CsGpPW	EEF1A1	0.0222352628276244	0.23867613238676133	0.6035396460353964	1.0	1.0	1.0	10000	False	False	False
CHEMBL1322152	CsGpPW	EEF1A1	0.0222352628276244	0.24187581241875813	0.6037396260373963	1.0	1.0	1.0	10000	False	False	False
PUBCHEM:93082	CsGpPW	EEF1A1	0.0222352628276244	0.23997600239976002	0.6039396060393961	1.0	1.0	1.0	10000	False	False	False
PUBCHEM:439417	CsGpPW	EEF1A1	0.0222352628276244	0.2328767123287671	0.6042395760423958	1.0	1.0	1.0	10000	False	False	False
PUBCHEM:4800	CsGpPW	EEF1A1	0.0222352628276244	0.23707629237076291	0.6054394560543945	1.0	1.0	1.0	10000	False	False	False
PUBCHEM:4470567	CsGpPW	EEF1A1	0.0222352628276244	0.24387561243875613	0.6060393960603939	1.0	1.0	1.0	10000	False	False	False
PUBCHEM:10965805	CsGpPW	EEF1A1	0.0222352628276244	0.24417558244175583	0.6063393660633937	1.0	1.0	1.0	10000	False	False	False
PUBCHEM:49867784	CsGpPW	EEF1A1	0.0222352628276244	0.24537546245375463	0.6071392860713929	1.0	1.0	1.0	10000	False	False	False
PUBCHEM:49866400	CsGpPW	EEF1A1	0.0222352628276244	0.23697630236976303	0.6075392460753924	1.0	1.0	1.0	10000	False	False	False
PUBCHEM:49867889	CsGpPW	EEF1A1	0.0222352628276244	0.2450754924507549	0.6080391960803919	1.0	1.0	1.0	10000	False	False	False
PUBCHEM:3556268	CsGpPW	EEF1A1	0.0222352628276244	0.24117588241175883	0.6082391760823918	1.0	1.0	1.0	10000	False	False	False
CHEMBL1994414	CsGpPW	EEF1A1	0.0222352628276244	0.24177582241775822	0.6083391660833917	1.0	1.0	1.0	10000	False	False	False
CHEMBL117110	CsGpPW	EEF1A1	0.0222352628276244	0.2400759924007599	0.6085391460853915	1.0	1.0	1.0	10000	False	False	False
PUBCHEM:49866561	CsGpPW	EEF1A1	0.0222352628276244	0.23977602239776022	0.609039096090391	1.0	1.0	1.0	10000	False	False	False
PUBCHEM:46937130	CsGpPW	EEF1A1	0.0222352628276244	0.24027597240275972	0.6093390660933906	1.0	1.0	1.0	10000	False	False	False
PUBCHEM:16040250	CsGpPW	EEF1A1	0.0222352628276244	0.23927607239276072	0.6094390560943905	1.0	1.0	1.0	10000	False	False	False
CHEMBL3184791	CsGpPW	EEF1A1	0.0222352628276244	0.24817518248175183	0.6095390460953904	1.0	1.0	1.0	10000	False	False	False
CHEMBL1167	CsGpPW	EEF1A1	0.0222352628276244	0.24777522247775222	0.6096390360963904	1.0	1.0	1.0	10000	False	False	False
PUBCHEM:439750	CsGpPW	EEF1A1	0.0222352628276244	0.24907509249075094	0.6099390060993901	1.0	1.0	1.0	10000	False	False	False
PUBCHEM:4477691	CsGpPW	EEF1A1	0.0222352628276244	0.2440755924407559	0.6100389961003899	1.0	1.0	1.0	10000	False	False	False
PUBCHEM:444080	CsGpPW	EEF1A1	0.0222352628276244	0.24167583241675833	0.6101389861013898	1.0	1.0	1.0	10000	False	False	False
PUBCHEM:4378	CsGpPW	EEF1A1	0.0222352628276244	0.24587541245875413	0.6105389461053895	1.0	1.0	1.0	10000	False	False	False
CHEMBL292303	CsGpPW	EEF1A1	0.0222352628276244	0.2348765123487651	0.611038896110389	1.0	1.0	1.0	10000	False	False	False
CHEMBL1627073	CsGpPW	EEF1A1	0.0222352628276244	0.24437556244375563	0.611038896110389	1.0	1.0	1.0	10000	False	False	False
CHEMBL1256987	CsGpPW	EEF1A1	0.0222352628276244	0.24637536246375363	0.6113388661133886	1.0	1.0	1.0	10000	False	False	False
CHEMBL43068	CsGpPW	EEF1A1	0.0222352628276244	0.24667533246675333	0.6118388161183882	1.0	1.0	1.0	10000	False	False	False
CHEMBL1229561	CsGpPW	EEF1A1	0.0222352628276244	0.24327567243275672	0.6123387661233877	1.0	1.0	1.0	10000	False	False	False
CHEMBL1230331	CsGpPW	EEF1A1	0.0222352628276244	0.24317568243175683	0.6123387661233877	1.0	1.0	1.0	10000	False	False	False
PUBCHEM:71627367	CsGpPW	EEF1A1	0.0222352628276244	0.24647535246475352	0.6123387661233877	1.0	1.0	1.0	10000	False	False	False
CHEMBL1315633	CsGpPW	EEF1A1	0.0222352628276244	0.24427557244275572	0.6127387261273872	1.0	1.0	1.0	10000	False	False	False
PUBCHEM:4478774	CsGpPW	EEF1A1	0.0222352628276244	0.24757524247575244	0.6127387261273872	1.0	1.0	1.0	10000	False	False	False
PUBCHEM:392	CsGpPW	EEF1A1	0.0222352628276244	0.24577542245775422	0.6137386261373863	1.0	1.0	1.0	10000	False	False	False
CHEMBL11257	CsGpPW	EEF1A1	0.0222352628276244	0.24467553244675533	0.6137386261373863	1.0	1.0	1.0	10000	False	False	False
CHEMBL2206196	CsGpPW	EEF1A1	0.0222352628276244	0.2445755424457554	0.6138386161383862	1.0	1.0	1.0	10000	False	False	False
CHEMBL1200740	CsGpPW	EEF1A1	0.0222352628276244	0.24937506249375063	0.6139386061393861	1.0	1.0	1.0	10000	False	False	False
CHEMBL574817	CsGpPW	EEF1A1	0.0222352628276244	0.2430756924307569	0.6139386061393861	1.0	1.0	1.0	10000	False	False	False
CHEMBL388560	CsGpPW	EEF1A1	0.0222352628276244	0.24477552244775522	0.6142385761423858	1.0	1.0	1.0	10000	False	False	False
PUBCHEM:5326793	CsGpPW	EEF1A1	0.0222352628276244	0.23767623237676233	0.6143385661433857	1.0	1.0	1.0	10000	False	False	False
PUBCHEM:10774843	CsGpPW	EEF1A1	0.0222352628276244	0.23877612238776122	0.6145385461453855	1.0	1.0	1.0	10000	False	False	False
PUBCHEM:10691837	CsGpPW	EEF1A1	0.0222352628276244	0.250974902509749	0.6149385061493851	1.0	1.0	1.0	10000	False	False	False
PUBCHEM:53723505	CsGpPW	EEF1A1	0.0222352628276244	0.24337566243375663	0.6154384561543845	1.0	1.0	1.0	10000	False	False	False
PUBCHEM:911	CsGpPW	EEF1A1	0.0222352628276244	0.2430756924307569	0.6155384461553844	1.0	1.0	1.0	10000	False	False	False
CHEMBL1214186	CsGpPW	EEF1A1	0.0222352628276244	0.25037496250374963	0.6161383861613838	1.0	1.0	1.0	10000	False	False	False
PUBCHEM:5287987	CsGpPW	EEF1A1	0.0222352628276244	0.24087591240875914	0.6161383861613838	1.0	1.0	1.0	10000	False	False	False
PUBCHEM:189854	CsGpPW	EEF1A1	0.0222352628276244	0.23607639236076391	0.6167383261673832	1.0	1.0	1.0	10000	False	False	False
PUBCHEM:3400927	CsGpPW	EEF1A1	0.0222352628276244	0.24217578242175783	0.617038296170383	1.0	1.0	1.0	10000	False	False	False
PUBCHEM:25122322	CsGpPW	EEF1A1	0.0222352628276244	0.24677532246775322	0.6172382761723828	1.0	1.0	1.0	10000	False	False	False
PUBCHEM:5289145	CsGpPW	EEF1A1	0.0222352628276244	0.24167583241675833	0.6177382261773823	1.0	1.0	1.0	10000	False	False	False
CHEMBL458512	CsGpPW	EEF1A1	0.0222352628276244	0.24937506249375063	0.6197380261973803	1.0	1.0	1.0	10000	False	False	False
PUBCHEM:53654133	CsGpPW	EEF1A1	0.0222352628276244	0.24977502249775022	0.6205379462053795	1.0	1.0	1.0	10000	False	False	False
CHEMBL103247	CsGpPW	EEF1A1	0.0222352628276244	0.24047595240475952	0.6213378662133786	1.0	1.0	1.0	10000	False	False	False
CHEMBL1254011	CsGpPW	EEF1A1	0.0222352628276244	0.24937506249375063	0.6238376162383762	1.0	1.0	1.0	10000	False	False	False
CHEMBL384759	CsGiG	EEF1A1	0.1337317113312168	0.287971202879712	0.7047295270472953	1.0	1.0	1.0	10000	False	False	False
CHEMBL1201369	CsGiG	EEF1A1	0.1337317113312168	0.29077092290770923	0.7068293170682932	1.0	1.0	1.0	10000	False	False	False
PUBCHEM:6830	CsGiG	EEF1A1	0.1337317113312168	0.2893710628937106	0.7077292270772922	1.0	1.0	1.0	10000	False	False	False
CHEMBL4087666	CbGpPW	EEF1A1	0.0273766177657879	0.18868113188681132	0.7412258774122588	1.0	1.0	1.0	10000	False	False	False
CHEMBL562794	CbGpPW	EEF1A1	0.0273766177657879	0.19048095190480951	0.7461253874612539	1.0	1.0	1.0	10000	False	False	False
CHEMBL3905315	CbGpPW	EEF1A1	0.0273766177657879	0.18838116188381163	0.7464253574642535	1.0	1.0	1.0	10000	False	False	False
CHEMBL4077078	CbGpPW	EEF1A1	0.0273766177657879	0.1897810218978102	0.7467253274672533	1.0	1.0	1.0	10000	False	False	False
CHEMBL3922414	CbGpPW	EEF1A1	0.0273766177657879	0.18958104189581043	0.7483251674832517	1.0	1.0	1.0	10000	False	False	False
CHEMBL3967087	CbGpPW	EEF1A1	0.0273766177657879	0.18868113188681132	0.7484251574842515	1.0	1.0	1.0	10000	False	False	False
CHEMBL564316	CbGpPW	EEF1A1	0.0273766177657879	0.18858114188581143	0.7492250774922508	1.0	1.0	1.0	10000	False	False	False
CHEMBL564799	CbGpPW	EEF1A1	0.0273766177657879	0.18938106189381063	0.7493250674932507	1.0	1.0	1.0	10000	False	False	False
CHEMBL561125	CbGpPW	EEF1A1	0.0273766177657879	0.19048095190480951	0.7494250574942506	1.0	1.0	1.0	10000	False	False	False
CHEMBL3923966	CbGpPW	EEF1A1	0.0273766177657879	0.1892810718928107	0.7494250574942506	1.0	1.0	1.0	10000	False	False	False
CHEMBL565134	CbGpPW	EEF1A1	0.0273766177657879	0.19118088191180882	0.7496250374962504	1.0	1.0	1.0	10000	False	False	False
CHEMBL555689	CbGpPW	EEF1A1	0.0273766177657879	0.19148085191480851	0.7502249775022498	1.0	1.0	1.0	10000	False	False	False
CHEMBL3919459	CbGpPW	EEF1A1	0.0273766177657879	0.18858114188581143	0.7505249475052495	1.0	1.0	1.0	10000	False	False	False
CHEMBL3919811	CbGpPW	EEF1A1	0.0273766177657879	0.19218078192180782	0.7511248875112488	1.0	1.0	1.0	10000	False	False	False
CHEMBL3944589	CbGpPW	EEF1A1	0.0273766177657879	0.19608039196080393	0.7512248775122488	1.0	1.0	1.0	10000	False	False	False
CHEMBL3972065	CbGpPW	EEF1A1	0.0273766177657879	0.1912808719128087	0.7514248575142486	1.0	1.0	1.0	10000	False	False	False
CHEMBL559594	CbGpPW	EEF1A1	0.0273766177657879	0.193980601939806	0.7517248275172482	1.0	1.0	1.0	10000	False	False	False
CHEMBL3946252	CbGpPW	EEF1A1	0.0273766177657879	0.19118088191180882	0.752024797520248	1.0	1.0	1.0	10000	False	False	False
CHEMBL558033	CbGpPW	EEF1A1	0.0273766177657879	0.19308069193080693	0.7522247775222478	1.0	1.0	1.0	10000	False	False	False
CHEMBL3983798	CbGpPW	EEF1A1	0.0273766177657879	0.1927807219278072	0.7523247675232477	1.0	1.0	1.0	10000	False	False	False
CHEMBL301982	CbGpPW	EEF1A1	0.0273766177657879	0.19198080191980801	0.7525247475252475	1.0	1.0	1.0	10000	False	False	False
CHEMBL3609826	CbGpPW	EEF1A1	0.0273766177657879	0.1924807519248075	0.7525247475252475	1.0	1.0	1.0	10000	False	False	False
CHEMBL4069552	CbGpPW	EEF1A1	0.0273766177657879	0.1947805219478052	0.7541245875412459	1.0	1.0	1.0	10000	False	False	False
CHEMBL3936187	CbGpPW	EEF1A1	0.0273766177657879	0.1934806519348065	0.7545245475452454	1.0	1.0	1.0	10000	False	False	False
CHEMBL4070633	CbGpPW	EEF1A1	0.0273766177657879	0.19288071192880712	0.7550244975502449	1.0	1.0	1.0	10000	False	False	False
CHEMBL4063330	CbGpPW	EEF1A1	0.0273766177657879	0.19258074192580743	0.7556244375562444	1.0	1.0	1.0	10000	False	False	False
CHEMBL550249	CbGpPW	EEF1A1	0.0273766177657879	0.19158084191580843	0.7557244275572442	1.0	1.0	1.0	10000	False	False	False
CHEMBL3955977	CbGpPW	EEF1A1	0.0273766177657879	0.19238076192380762	0.7558244175582441	1.0	1.0	1.0	10000	False	False	False
CHEMBL3947240	CbGpPW	EEF1A1	0.0273766177657879	0.1942805719428057	0.7559244075592441	1.0	1.0	1.0	10000	False	False	False
CHEMBL4102297	CbGpPW	EEF1A1	0.0273766177657879	0.1952804719528047	0.7559244075592441	1.0	1.0	1.0	10000	False	False	False
CHEMBL3937369	CbGpPW	EEF1A1	0.0273766177657879	0.19318068193180682	0.7559244075592441	1.0	1.0	1.0	10000	False	False	False
CHEMBL4282794	CbGpPW	EEF1A1	0.0273766177657879	0.19188081191880813	0.756024397560244	1.0	1.0	1.0	10000	False	False	False
CHEMBL550251	CbGpPW	EEF1A1	0.0273766177657879	0.19338066193380662	0.7564243575642435	1.0	1.0	1.0	10000	False	False	False
CHEMBL2103840	CbGiG	EEF1A2	0.0545324491617697	0.1877812218778122	0.7568243175682432	1.0	1.0	1.0	10000	False	False	False
CHEMBL559039	CbGpPW	EEF1A1	0.0273766177657879	0.1947805219478052	0.7572242775722428	1.0	1.0	1.0	10000	False	False	False
CHEMBL3916672	CbGpPW	EEF1A1	0.0273766177657879	0.193980601939806	0.7579242075792421	1.0	1.0	1.0	10000	False	False	False
CHEMBL4070302	CbGiG	EEF1A2	0.0545324491617697	0.18858114188581143	0.7589241075892411	1.0	1.0	1.0	10000	False	False	False
CHEMBL3975567	CbGiG	EEF1A2	0.0545324491617697	0.1897810218978102	0.7608239176082392	1.0	1.0	1.0	10000	False	False	False
CHEMBL3891011	CbGiG	EEF1A2	0.0545324491617697	0.18898110188981102	0.7616238376162384	1.0	1.0	1.0	10000	False	False	False
CHEMBL4099031	CbGiG	EEF1A2	0.0545324491617697	0.19068093190680932	0.7633236676332367	1.0	1.0	1.0	10000	False	False	False
CHEMBL4096048	CbGiG	EEF1A2	0.0545324491617697	0.1902809719028097	0.7666233376662334	1.0	1.0	1.0	10000	False	False	False
CHEMBL3953713	CbGiG	EEF1A2	0.0545324491617697	0.19308069193080693	0.7685231476852314	1.0	1.0	1.0	10000	False	False	False
CHEMBL3911352	CbGiG	EEF1A2	0.0545324491617697	0.19388061193880612	0.7693230676932307	1.0	1.0	1.0	10000	False	False	False
CHEMBL3900925	CbGiG	EEF1A2	0.0545324491617697	0.1892810718928107	0.77002299770023	1.0	1.0	1.0	10000	False	False	False
CHEMBL560663	CbGiG	EEF1A2	0.0545324491617697	0.1962803719628037	0.7704229577042295	1.0	1.0	1.0	10000	False	False	False
CHEMBL3928361	CbGiG	EEF1A2	0.0545324491617697	0.1942805719428057	0.7756224377562244	1.0	1.0	1.0	10000	False	False	False
CHEMBL3901185	CbGiG	EEF1A2	0.0545324491617697	0.19218078192180782	0.7767223277672233	1.0	1.0	1.0	10000	False	False	False
CHEMBL3964729	CbGiG	EEF1A2	0.0545324491617697	0.19508049195080493	0.7815218478152185	1.0	1.0	1.0	10000	False	False	False
CHEMBL2146125	CsGiG	EEF1A1	0.1453739410148663	0.3758624137586241	0.8278172182781722	1.0	1.0	1.0	10000	False	False	False
PUBCHEM:19420248	CsGiG	EEF1A2	0.0298792710259047	0.5155484451554845	0.9568043195680432	1.0	1.0	1.0	10000	False	False	False
PUBCHEM:82127	CsGiG	EEF1A1	0.0641924811075983	0.6744325567443256	0.9913008699130087	1.0	1.0	1.0	10000	False	False	False
PUBCHEM:813	CsGiG	EEF1A1	0.0641924811075983	0.6727327267273273	0.9929007099290071	1.0	1.0	1.0	10000	False	False	False
CHEMBL526492	CsGpPW	EEF1A1	0.0041205654189415	0.8878112188781122	0.993000699930007	1.0	1.0	1.0	10000	False	False	False
CHEMBL453962	CsGpPW	EEF1A1	0.0041205654189415	0.8816118388161184	0.9933006699330067	1.0	1.0	1.0	10000	False	False	False
CHEMBL525809	CsGpPW	EEF1A1	0.0041205654189415	0.8867113288671132	0.9933006699330067	1.0	1.0	1.0	10000	False	False	False
CHEMBL361497	CsGpPW	EEF1A1	0.0041205654189415	0.8824117588241176	0.9937006299370063	1.0	1.0	1.0	10000	False	False	False
CHEMBL230333	CsGpPW	EEF1A1	0.0041205654189415	0.8907109289071092	0.9937006299370063	1.0	1.0	1.0	10000	False	False	False
CHEMBL524654	CsGpPW	EEF1A1	0.0041205654189415	0.8889111088891111	0.9938006199380062	1.0	1.0	1.0	10000	False	False	False
CHEMBL524693	CsGpPW	EEF1A1	0.0041205654189415	0.8866113388661134	0.9939006099390061	1.0	1.0	1.0	10000	False	False	False
PUBCHEM:72332	CsGpPW	EEF1A1	0.0042860536765984	0.8886111388861114	0.9939006099390061	1.0	1.0	1.0	10000	False	False	False
CHEMBL2104870	CsGpPW	EEF1A1	0.0042860536765984	0.8856114388561144	0.9939006099390061	1.0	1.0	1.0	10000	False	False	False
CHEMBL423192	CsGpPW	EEF1A1	0.0042860536765984	0.8822117788221178	0.9941005899410059	1.0	1.0	1.0	10000	False	False	False
CHEMBL505657	CsGpPW	EEF1A1	0.0041205654189415	0.892010798920108	0.9941005899410059	1.0	1.0	1.0	10000	False	False	False
CHEMBL1367623	CsGpPW	EEF1A1	0.0042860536765984	0.8833116688331167	0.9943005699430058	1.0	1.0	1.0	10000	False	False	False
CHEMBL510338	CsGpPW	EEF1A1	0.0041205654189415	0.892010798920108	0.9944005599440056	1.0	1.0	1.0	10000	False	False	False
CHEMBL507881	CsGpPW	EEF1A1	0.0041205654189415	0.8962103789621038	0.9946005399460054	1.0	1.0	1.0	10000	False	False	False
CHEMBL1765705	CsGpPW	EEF1A1	0.0041205654189415	0.8899110088991101	0.9946005399460054	1.0	1.0	1.0	10000	False	False	False
CHEMBL448242	CsGpPW	EEF1A1	0.0041205654189415	0.885011498850115	0.9947005299470053	1.0	1.0	1.0	10000	False	False	False
CHEMBL526551	CsGpPW	EEF1A1	0.0041205654189415	0.8877112288771123	0.9947005299470053	1.0	1.0	1.0	10000	False	False	False
CHEMBL525031	CsGpPW	EEF1A1	0.0041205654189415	0.895010498950105	0.9948005199480052	1.0	1.0	1.0	10000	False	False	False
CHEMBL144149	CsGpPW	EEF1A1	0.0041205654189415	0.8899110088991101	0.9948005199480052	1.0	1.0	1.0	10000	False	False	False
CHEMBL524688	CsGpPW	EEF1A1	0.0041205654189415	0.8866113388661134	0.995000499950005	1.0	1.0	1.0	10000	False	False	False
CHEMBL526355	CsGpPW	EEF1A1	0.0041205654189415	0.8866113388661134	0.9955004499550045	1.0	1.0	1.0	10000	False	False	False
CHEMBL175858	CsGiG	EEF1A1	0.0196141192432033	0.8833116688331167	0.9955004499550045	1.0	1.0	1.0	10000	False	False	False
PUBCHEM:49867307	CsGiG	EEF1A1	0.0376083135791582	0.9237076292370763	0.9993000699930007	1.0	1.0	1.0	10000	False	False	False
CHEMBL1206239	CsGiG	EEF1A1	0.0376083135791582	0.9217078292170783	0.9993000699930007	1.0	1.0	1.0	10000	False	False	False
PUBCHEM:4469586	CsGiG	EEF1A1	0.0454272568036184	0.9175082491750824	0.9994000599940006	1.0	1.0	1.0	10000	False	False	False
PUBCHEM:52911283	CsGiG	EEF1A1	0.0376083135791582	0.9215078492150784	0.9994000599940006	1.0	1.0	1.0	10000	False	False	False
PUBCHEM:49867759	CsGiG	EEF1A1	0.0376083135791582	0.9227077292270773	0.9994000599940006	1.0	1.0	1.0	10000	False	False	False
PUBCHEM:44199360	CsGiG	EEF1A1	0.0376083135791582	0.9236076392360764	0.9994000599940006	1.0	1.0	1.0	10000	False	False	False
CHEMBL1234265	CsGiG	EEF1A1	0.0376083135791582	0.9218078192180782	0.9995000499950005	1.0	1.0	1.0	10000	False	False	False
PUBCHEM:18596452	CsGiG	EEF1A1	0.0376083135791582	0.9222077792220778	0.9995000499950005	1.0	1.0	1.0	10000	False	False	False
CHEMBL301523	CsGiG	EEF1A1	0.0376083135791582	0.9206079392060794	0.9995000499950005	1.0	1.0	1.0	10000	False	False	False
CHEMBL2338711	CsGiG	EEF1A1	0.0376083135791582	0.9256074392560744	0.9995000499950005	1.0	1.0	1.0	10000	False	False	False
CHEMBL101960	CsGiG	EEF1A1	0.0376083135791582	0.924907509249075	0.9995000499950005	1.0	1.0	1.0	10000	False	False	False
CHEMBL857	CsGiG	EEF1A1	0.0376083135791582	0.927007299270073	0.9995000499950005	1.0	1.0	1.0	10000	False	False	False
CHEMBL1200937	CsGiG	EEF1A1	0.0376083135791582	0.9239076092390761	0.9996000399960004	1.0	1.0	1.0	10000	False	False	False
PUBCHEM:444718	CsGiG	EEF1A1	0.0376083135791582	0.9287071292870713	0.9996000399960004	1.0	1.0	1.0	10000	False	False	False
CHEMBL2311177	CsGiG	EEF1A1	0.0454272568036184	0.9192080791920808	0.9996000399960004	1.0	1.0	1.0	10000	False	False	False
CHEMBL1330459	CsGiG	EEF1A1	0.0376083135791582	0.9256074392560744	0.9996000399960004	1.0	1.0	1.0	10000	False	False	False
CHEMBL171281	CsGiG	EEF1A1	0.0376083135791582	0.9213078692130787	0.9996000399960004	1.0	1.0	1.0	10000	False	False	False
PUBCHEM:4626828	CsGiG	EEF1A1	0.0376083135791582	0.9212078792120788	0.9996000399960004	1.0	1.0	1.0	10000	False	False	False
PUBCHEM:83606	CsGiG	EEF1A1	0.0376083135791582	0.9226077392260774	0.9996000399960004	1.0	1.0	1.0	10000	False	False	False
CHEMBL1171272	CsGiG	EEF1A1	0.0376083135791582	0.924007599240076	0.9996000399960004	1.0	1.0	1.0	10000	False	False	False
CHEMBL1255799	CsGiG	EEF1A1	0.0376083135791582	0.9274072592740726	0.9997000299970003	1.0	1.0	1.0	10000	False	False	False
PUBCHEM:6449989	CsGiG	EEF1A1	0.0376083135791582	0.9239076092390761	0.9997000299970003	1.0	1.0	1.0	10000	False	False	False
CHEMBL1230782	CsGiG	EEF1A1	0.0376083135791582	0.9235076492350764	0.9997000299970003	1.0	1.0	1.0	10000	False	False	False
CHEMBL1234326	CsGiG	EEF1A1	0.0376083135791582	0.9274072592740726	0.9997000299970003	1.0	1.0	1.0	10000	False	False	False
PUBCHEM:5289231	CsGiG	EEF1A1	0.0376083135791582	0.922007799220078	0.9997000299970003	1.0	1.0	1.0	10000	False	False	False
PUBCHEM:3080744	CsGiG	EEF1A1	0.0454272568036184	0.9164083591640836	0.9997000299970003	1.0	1.0	1.0	10000	False	False	False
PUBCHEM:49822695	CsGiG	EEF1A1	0.0376083135791582	0.9255074492550744	0.9997000299970003	1.0	1.0	1.0	10000	False	False	False
PUBCHEM:52941584	CsGiG	EEF1A1	0.0376083135791582	0.9232076792320768	0.9997000299970003	1.0	1.0	1.0	10000	False	False	False
PUBCHEM:49867309	CsGiG	EEF1A1	0.0376083135791582	0.9271072892710729	0.9997000299970003	1.0	1.0	1.0	10000	False	False	False
CHEMBL1356971	CsGiG	EEF1A1	0.0376083135791582	0.9205079492050795	0.9997000299970003	1.0	1.0	1.0	10000	False	False	False
CHEMBL390183	CsGiG	EEF1A1	0.0376083135791582	0.9264073592640736	0.9997000299970003	1.0	1.0	1.0	10000	False	False	False
CHEMBL2106034	CsGiG	EEF1A1	0.0376083135791582	0.9233076692330767	0.9997000299970003	1.0	1.0	1.0	10000	False	False	False
CHEMBL2114026	CsGiG	EEF1A1	0.0376083135791582	0.9233076692330767	0.9997000299970003	1.0	1.0	1.0	10000	False	False	False
PUBCHEM:16040283	CsGiG	EEF1A1	0.0376083135791582	0.922007799220078	0.9997000299970003	1.0	1.0	1.0	10000	False	False	False
CHEMBL126	CsGiG	EEF1A1	0.0376083135791582	0.9213078692130787	0.9998000199980002	1.0	1.0	1.0	10000	False	False	False
PUBCHEM:4477870	CsGiG	EEF1A1	0.0454272568036184	0.9174082591740826	0.9998000199980002	1.0	1.0	1.0	10000	False	False	False
PUBCHEM:49867308	CsGiG	EEF1A1	0.0376083135791582	0.9313068693130687	0.9998000199980002	1.0	1.0	1.0	10000	False	False	False
PUBCHEM:4469584	CsGiG	EEF1A1	0.0376083135791582	0.9245075492450755	0.9998000199980002	1.0	1.0	1.0	10000	False	False	False
PUBCHEM:451597	CsGiG	EEF1A1	0.0376083135791582	0.9255074492550744	0.9998000199980002	1.0	1.0	1.0	10000	False	False	False
PUBCHEM:441214	CsGiG	EEF1A1	0.0454272568036184	0.9152084791520848	0.9998000199980002	1.0	1.0	1.0	10000	False	False	False
CHEMBL136061	CsGiG	EEF1A1	0.0376083135791582	0.9241075892410759	0.9998000199980002	1.0	1.0	1.0	10000	False	False	False
PUBCHEM:446782	CsGiG	EEF1A1	0.0454272568036184	0.9193080691930807	0.9998000199980002	1.0	1.0	1.0	10000	False	False	False
PUBCHEM:3334071	CsGiG	EEF1A1	0.0376083135791582	0.9222077792220778	0.9998000199980002	1.0	1.0	1.0	10000	False	False	False
PUBCHEM:446207	CsGiG	EEF1A1	0.0454272568036184	0.9186081391860814	0.9998000199980002	1.0	1.0	1.0	10000	False	False	False
CHEMBL197110	CsGiG	EEF1A1	0.0376083135791582	0.9279072092790721	0.9998000199980002	1.0	1.0	1.0	10000	False	False	False
PUBCHEM:4469360	CsGiG	EEF1A1	0.0376083135791582	0.9257074292570743	0.9998000199980002	1.0	1.0	1.0	10000	False	False	False
PUBCHEM:11008023	CsGiG	EEF1A1	0.0376083135791582	0.9246075392460754	0.9998000199980002	1.0	1.0	1.0	10000	False	False	False
CHEMBL1046	CsGiG	EEF1A1	0.0376083135791582	0.9232076792320768	0.9998000199980002	1.0	1.0	1.0	10000	False	False	False
PUBCHEM:3274683	CsGiG	EEF1A1	0.0454272568036184	0.9207079292070793	0.9998000199980002	1.0	1.0	1.0	10000	False	False	False
CHEMBL553426	CsGiG	EEF1A1	0.0376083135791582	0.9233076692330767	0.9998000199980002	1.0	1.0	1.0	10000	False	False	False
CHEMBL2338710	CsGiG	EEF1A1	0.0376083135791582	0.9248075192480751	0.9998000199980002	1.0	1.0	1.0	10000	False	False	False
PUBCHEM:46173764	CsGiG	EEF1A1	0.0454272568036184	0.9203079692030797	0.9998000199980002	1.0	1.0	1.0	10000	False	False	False
PUBCHEM:11062499	CsGiG	EEF1A1	0.0376083135791582	0.9245075492450755	0.9998000199980002	1.0	1.0	1.0	10000	False	False	False
CHEMBL1778420	CsGiG	EEF1A1	0.0376083135791582	0.9237076292370763	0.9998000199980002	1.0	1.0	1.0	10000	False	False	False
CHEMBL105720	CsGiG	EEF1A1	0.0376083135791582	0.9238076192380762	0.9998000199980002	1.0	1.0	1.0	10000	False	False	False
CHEMBL1136	CsGiG	EEF1A1	0.0376083135791582	0.9207079292070793	0.9998000199980002	1.0	1.0	1.0	10000	False	False	False
CHEMBL330546	CsGiG	EEF1A1	0.0376083135791582	0.9235076492350764	0.9998000199980002	1.0	1.0	1.0	10000	False	False	False
CHEMBL1200559	CsGiG	EEF1A1	0.0376083135791582	0.9257074292570743	0.9998000199980002	1.0	1.0	1.0	10000	False	False	False
PUBCHEM:14728174	CsGiG	EEF1A1	0.0454272568036184	0.9174082591740826	0.9998000199980002	1.0	1.0	1.0	10000	False	False	False
CHEMBL1315356	CsGiG	EEF1A1	0.0376083135791582	0.9251074892510749	0.9998000199980002	1.0	1.0	1.0	10000	False	False	False
PUBCHEM:5289394	CsGiG	EEF1A1	0.0376083135791582	0.9245075492450755	0.9998000199980002	1.0	1.0	1.0	10000	False	False	False
PUBCHEM:5289243	CsGiG	EEF1A1	0.0376083135791582	0.929007099290071	0.9998000199980002	1.0	1.0	1.0	10000	False	False	False
PUBCHEM:49866464	CsGiG	EEF1A1	0.0376083135791582	0.9258074192580742	0.9999000099990001	1.0	1.0	1.0	10000	False	False	False
PUBCHEM:49866685	CsGiG	EEF1A1	0.0376083135791582	0.9239076092390761	0.9999000099990001	1.0	1.0	1.0	10000	False	False	False
PUBCHEM:475367	CsGiG	EEF1A1	0.0376083135791582	0.9247075292470753	0.9999000099990001	1.0	1.0	1.0	10000	False	False	False
CHEMBL215940	CsGiG	EEF1A1	0.0454272568036184	0.9199080091990801	0.9999000099990001	1.0	1.0	1.0	10000	False	False	False
CHEMBL1275977	CsGiG	EEF1A1	0.0454272568036184	0.9169083091690831	0.9999000099990001	1.0	1.0	1.0	10000	False	False	False
CHEMBL25080	CsGiG	EEF1A1	0.0376083135791582	0.9242075792420757	0.9999000099990001	1.0	1.0	1.0	10000	False	False	False
PUBCHEM:1042	CsGiG	EEF1A1	0.0454272568036184	0.9198080191980802	0.9999000099990001	1.0	1.0	1.0	10000	False	False	False
CHEMBL1230507	CsGiG	EEF1A1	0.0454272568036184	0.9187081291870813	0.9999000099990001	1.0	1.0	1.0	10000	False	False	False
CHEMBL1200630	CsGiG	EEF1A1	0.0376083135791582	0.9205079492050795	0.9999000099990001	1.0	1.0	1.0	10000	False	False	False
CHEMBL608610	CsGiG	EEF1A1	0.0454272568036184	0.9212078792120788	0.9999000099990001	1.0	1.0	1.0	10000	False	False	False
PUBCHEM:5496803	CsGiG	EEF1A1	0.0376083135791582	0.9227077292270773	0.9999000099990001	1.0	1.0	1.0	10000	False	False	False
PUBCHEM:168161	CsGiG	EEF1A1	0.0454272568036184	0.9132086791320868	0.9999000099990001	1.0	1.0	1.0	10000	False	False	False
PUBCHEM:4477868	CsGiG	EEF1A1	0.0376083135791582	0.9248075192480751	0.9999000099990001	1.0	1.0	1.0	10000	False	False	False
PUBCHEM:439424	CsGiG	EEF1A1	0.0454272568036184	0.9179082091790821	0.9999000099990001	1.0	1.0	1.0	10000	False	False	False
PUBCHEM:10878285	CsGiG	EEF1A1	0.0376083135791582	0.928007199280072	0.9999000099990001	1.0	1.0	1.0	10000	False	False	False
CHEMBL131226	CsGiG	EEF1A1	0.0454272568036184	0.921007899210079	0.9999000099990001	1.0	1.0	1.0	10000	False	False	False
CHEMBL72388	CsGiG	EEF1A1	0.0454272568036184	0.9224077592240776	0.9999000099990001	1.0	1.0	1.0	10000	False	False	False
PUBCHEM:165838	CsGiG	EEF1A1	0.0454272568036184	0.9197080291970803	0.9999000099990001	1.0	1.0	1.0	10000	False	False	False
PUBCHEM:123991	CsGiG	EEF1A1	0.0376083135791582	0.9227077292270773	0.9999000099990001	1.0	1.0	1.0	10000	False	False	False
PUBCHEM:3082167	CsGiG	EEF1A1	0.0376083135791582	0.9215078492150784	0.9999000099990001	1.0	1.0	1.0	10000	False	False	False
PUBCHEM:5289071	CsGiG	EEF1A1	0.0454272568036184	0.9214078592140786	0.9999000099990001	1.0	1.0	1.0	10000	False	False	False
CHEMBL1160819	CsGiG	EEF1A1	0.0454272568036184	0.9183081691830817	1.0	1.0	1.0	1.0	10000	False	False	False
PUBCHEM:429092	CsGiG	EEF1A1	0.0454272568036184	0.9252074792520748	1.0	1.0	1.0	1.0	10000	False	False	False
PUBCHEM:12803287	CsGiG	EEF1A1	0.0454272568036184	0.9196080391960804	1.0	1.0	1.0	1.0	10000	False	False	False
CHEMBL2105054	CsGiG	EEF1A1	0.0376083135791582	0.9293070692930707	1.0	1.0	1.0	1.0	10000	False	False	False
CHEMBL170365	CsGiG	EEF1A1	0.0454272568036184	0.9192080791920808	1.0	1.0	1.0	1.0	10000	False	False	False
CHEMBL378605	CsGiG	EEF1A1	0.0454272568036184	0.916008399160084	1.0	1.0	1.0	1.0	10000	False	False	False
PUBCHEM:70789301	CsGiG	EEF1A1	0.0376083135791582	0.928907109289071	1.0	1.0	1.0	1.0	10000	False	False	False
PUBCHEM:440416	CsGiG	EEF1A1	0.0454272568036184	0.9184081591840816	1.0	1.0	1.0	1.0	10000	False	False	False
