parent,pubchem_cid,title,canonical_smiles,tanimoto,mw,n_vendors,example_vendors,is_exact_or_stereoisomer,source
CHEMBL1802814,53362901,"N-[(2S)-1-amino-4-methyl-1-oxopentan-2-yl]-4-[3-[(1R)-1-cyclohexylethyl]-2-(4-methoxyanilino)-8-oxopyrano[3,2-f]benzimidazol-6-yl]benzamide",C[C@H](C1CCCCC1)N2C3=C(C=C4C(=C3)OC(=CC4=O)C5=CC=C(C=C5)C(=O)N[C@@H](CC(C)C)C(=O)N)N=C2NC6=CC=C(C=C6)OC,1.0,649.7920000000001,0,,True,PubChem 2D similarity
CHEMBL1802814,,CHEMBL1802816,COc1ccc(Nc2nc3cc4c(=O)cc(-c5ccc(C(=O)N[C@@H](Cc6ccccc6)C(N)=O)cc5)oc4cc3n2[C@H](C)C2CCCCC2)cc1,0.8539325594902039,,,,False,ChEMBL similarity (vendor status not resolved)
CHEMBL1802814,53362304,"4-[3-[(1R)-1-cyclohexylethyl]-2-(4-methoxyanilino)-8-oxopyrano[3,2-f]benzimidazol-6-yl]benzamide",C[C@H](C1CCCCC1)N2C3=C(C=C4C(=C3)OC(=CC4=O)C5=CC=C(C=C5)C(=O)N)N=C2NC6=CC=C(C=C6)OC,0.798,536.6320000000002,0,,False,PubChem 2D similarity
CHEMBL1802814,,CHEMBL1802821,COc1ccc(Nc2nc3cc4c(=O)cc(-c5ccc(C(N)=O)cc5)oc4cc3n2[C@H](C)C2CCCCC2)cc1,0.7976190447807312,,,,False,ChEMBL similarity (vendor status not resolved)
CHEMBL1802814,,CHEMBL1802817,COc1ccc(Nc2nc3cc4c(=O)cc(-c5ccc(C(=O)N[C@@H](CC(C)C)C(N)=O)cc5)oc4cc3n2Cc2ccccc2)cc1,0.7204301357269287,,,,False,ChEMBL similarity (vendor status not resolved)
CHEMBL1802814,53362303,"N-[(2S)-1-amino-1-oxo-3-phenylpropan-2-yl]-4-[3-[(1R)-1-cyclohexylethyl]-8-oxo-2-propan-2-ylpyrano[3,2-f]benzimidazol-6-yl]benzamide",C[C@H](C1CCCCC1)N2C3=C(C=C4C(=C3)OC(=CC4=O)C5=CC=C(C=C5)C(=O)N[C@@H](CC6=CC=CC=C6)C(=O)N)N=C2C(C)C,0.649,604.751,0,,False,PubChem 2D similarity
CHEMBL1802814,53362302,"N-[(2S)-1-amino-4-methyl-1-oxopentan-2-yl]-4-(3-benzyl-8-oxo-2-propan-2-ylpyrano[3,2-f]benzimidazol-6-yl)benzamide",CC(C)C[C@@H](C(=O)N)NC(=O)C1=CC=C(C=C1)C2=CC(=O)C3=CC4=C(C=C3O2)N(C(=N4)C(C)C)CC5=CC=CC=C5,0.562,550.6590000000003,0,,False,PubChem 2D similarity
CHEMBL1802814,56662893,"N-[(2S)-1-amino-1-oxo-3-phenylpropan-2-yl]-4-[3-benzyl-2-(2-methylpropylamino)-8-oxopyrano[3,2-f]benzimidazol-6-yl]benzamide",CC(C)CNC1=NC2=C(N1CC3=CC=CC=C3)C=C4C(=C2)C(=O)C=C(O4)C5=CC=C(C=C5)C(=O)N[C@@H](CC6=CC=CC=C6)C(=O)N,0.515,613.7180000000002,0,,False,PubChem 2D similarity
CHEMBL1802814,44432930,"N,N-diisopentyl-2-(4-methoxyphenylamino)-3-(3-(piperidin-1-yl)propyl)-3H-benzo[d]imidazole-5-carboxamide",CC(C)CCN(CCC(C)C)C(=O)C1=CC2=C(C=C1)N=C(N2CCCN3CCCCC3)NC4=CC=C(C=C4)OC,0.352,547.7880000000005,0,,False,PubChem 2D similarity
CHEMBL1802814,25026047,1-[(2S)-1-amino-5-(diaminomethylideneamino)-1-oxopentan-2-yl]-N-(4-methoxyphenyl)-2-(3-phenoxyphenyl)benzimidazole-5-carboxamide,COC1=CC=C(C=C1)NC(=O)C2=CC3=C(C=C2)N(C(=N3)C4=CC(=CC=C4)OC5=CC=CC=C5)[C@@H](CCCN=C(N)N)C(=O)N,0.33,591.672,0,,False,PubChem 2D similarity
CHEMBL1802814,46225126,1-cyclohexyl-2-(furan-3-yl)-N-[1-oxo-1-[4-(2-oxopropoxy)anilino]propan-2-yl]benzimidazole-5-carboxamide,CC(C(=O)NC1=CC=C(C=C1)OCC(=O)C)NC(=O)C2=CC3=C(C=C2)N(C(=N3)C4=COC=C4)C5CCCCC5,0.319,528.6090000000002,0,,False,PubChem 2D similarity
CHEMBL1802814,44432949,"N,N-diisopentyl-2-(4-phenoxyphenylamino)-3-(3-(piperidin-1-yl)propyl)-3H-benzo[d]imidazole-5-carboxamide",CC(C)CCN(CCC(C)C)C(=O)C1=CC2=C(C=C1)N=C(N2CCCN3CCCCC3)NC4=CC=C(C=C4)OC5=CC=CC=C5,0.296,609.8590000000005,0,,False,PubChem 2D similarity
CHEMBL1802814,118311076,"Methyl 6-methoxy-2-(4-propan-2-yloxyanilino)-1-(3,3,5,5-tetramethylcyclohexyl)benzimidazole-5-carboxylate",CC(C)OC1=CC=C(C=C1)NC2=NC3=C(N2C4CC(CC(C4)(C)C)(C)C)C=C(C(=C3)C(=O)OC)OC,0.294,493.64800000000037,0,,False,PubChem 2D similarity
CHEMBL1802814,10224082,"2-(4-Ethoxyanilino)-N,N-diethyl-1-isopentyl-1H-benzimidazole-5-carboxamide",CCN(CC)C(=O)C1=CC2=C(C=C1)N(C(=N2)NC3=CC=C(C=C3)OCC)CCC(C)C,0.292,422.57300000000026,0,,False,PubChem 2D similarity
CHEMBL1802814,137649436,"N,N-diethyl-2-(4-phenoxyanilino)-1-(2-piperidin-1-ylethyl)benzimidazole-5-carboxamide",CCN(CC)C(=O)C1=CC2=C(C=C1)N(C(=N2)NC3=CC=C(C=C3)OC4=CC=CC=C4)CCN5CCCCC5,0.291,511.6700000000004,0,,False,PubChem 2D similarity
CHEMBL1802814,118310288,"(+-) methyl 6-methoxy-2-{[4-(propan-2-yloxy)phenyl]amino}-1-[(cis)-3,3,5-trimethylcyclohexyl]-1H-benzimidazole-5-carboxylate",C[C@@H]1C[C@@H](CC(C1)(C)C)N2C3=C(C=C(C(=C3)OC)C(=O)OC)N=C2NC4=CC=C(C=C4)OC(C)C,0.288,479.6210000000002,0,,False,PubChem 2D similarity
CHEMBL1802814,137658648,"N,N-diethyl-1-(3-methylbutyl)-2-(4-phenoxyanilino)benzimidazole-5-carboxamide",CCN(CC)C(=O)C1=CC2=C(C=C1)N(C(=N2)NC3=CC=C(C=C3)OC4=CC=CC=C4)CCC(C)C,0.287,470.61700000000025,0,,False,PubChem 2D similarity
CHEMBL1802814,124126006,"US10370339, Example 2-7",C[C@@H]1CC[C@H]([C@@H](C1)N2C3=C(C=C(C(=C3)OC)C(=O)OC)N=C2NC4=CC=C(C=C4)OC(F)(F)F)C(C)C,0.278,519.5640000000002,0,,False,PubChem 2D similarity
CHEMBL1802815,56662893,"N-[(2S)-1-amino-1-oxo-3-phenylpropan-2-yl]-4-[3-benzyl-2-(2-methylpropylamino)-8-oxopyrano[3,2-f]benzimidazol-6-yl]benzamide",CC(C)CNC1=NC2=C(N1CC3=CC=CC=C3)C=C4C(=C2)C(=O)C=C(O4)C5=CC=C(C=C5)C(=O)N[C@@H](CC6=CC=CC=C6)C(=O)N,1.0,613.7180000000002,0,,True,PubChem 2D similarity
CHEMBL1802815,,CHEMBL1802818,COc1ccc(Nc2nc3cc4c(=O)cc(-c5ccc(C(=O)N[C@@H](Cc6ccccc6)C(N)=O)cc5)oc4cc3n2Cc2ccccc2)cc1,0.761904776096344,,,,False,ChEMBL similarity (vendor status not resolved)
CHEMBL1802815,53362302,"N-[(2S)-1-amino-4-methyl-1-oxopentan-2-yl]-4-(3-benzyl-8-oxo-2-propan-2-ylpyrano[3,2-f]benzimidazol-6-yl)benzamide",CC(C)C[C@@H](C(=O)N)NC(=O)C1=CC=C(C=C1)C2=CC(=O)C3=CC4=C(C=C3O2)N(C(=N4)C(C)C)CC5=CC=CC=C5,0.72,550.6590000000003,0,,False,PubChem 2D similarity
CHEMBL1802815,,CHEMBL1802819,CC(C)C[C@H](NC(=O)c1ccc(-c2cc(=O)c3cc4nc(C(C)C)n(Cc5ccccc5)c4cc3o2)cc1)C(N)=O,0.7195122241973877,,,,False,ChEMBL similarity (vendor status not resolved)
CHEMBL1802815,53362251,"N-[(2S)-1-amino-4-methyl-1-oxopentan-2-yl]-4-[3-benzyl-2-(4-methoxyanilino)-8-oxopyrano[3,2-f]benzimidazol-6-yl]benzamide",CC(C)C[C@@H](C(=O)N)NC(=O)C1=CC=C(C=C1)C2=CC(=O)C3=CC4=C(C=C3O2)N(C(=N4)NC5=CC=C(C=C5)OC)CC6=CC=CC=C6,0.716,629.7170000000001,0,,False,PubChem 2D similarity
CHEMBL1802815,,CHEMBL1802817,COc1ccc(Nc2nc3cc4c(=O)cc(-c5ccc(C(=O)N[C@@H](CC(C)C)C(N)=O)cc5)oc4cc3n2Cc2ccccc2)cc1,0.7159090638160706,,,,False,ChEMBL similarity (vendor status not resolved)
CHEMBL1802815,53362303,"N-[(2S)-1-amino-1-oxo-3-phenylpropan-2-yl]-4-[3-[(1R)-1-cyclohexylethyl]-8-oxo-2-propan-2-ylpyrano[3,2-f]benzimidazol-6-yl]benzamide",C[C@H](C1CCCCC1)N2C3=C(C=C4C(=C3)OC(=CC4=O)C5=CC=C(C=C5)C(=O)N[C@@H](CC6=CC=CC=C6)C(=O)N)N=C2C(C)C,0.64,604.751,0,,False,PubChem 2D similarity
CHEMBL1802815,53362250,"N-[(2S)-1-amino-1-oxo-3-phenylpropan-2-yl]-4-[3-[(1R)-1-cyclohexylethyl]-2-(4-methoxyanilino)-8-oxopyrano[3,2-f]benzimidazol-6-yl]benzamide",C[C@H](C1CCCCC1)N2C3=C(C=C4C(=C3)OC(=CC4=O)C5=CC=C(C=C5)C(=O)N[C@@H](CC6=CC=CC=C6)C(=O)N)N=C2NC7=CC=C(C=C7)OC,0.608,683.809,0,,False,PubChem 2D similarity
CHEMBL1802815,53362901,"N-[(2S)-1-amino-4-methyl-1-oxopentan-2-yl]-4-[3-[(1R)-1-cyclohexylethyl]-2-(4-methoxyanilino)-8-oxopyrano[3,2-f]benzimidazol-6-yl]benzamide",C[C@H](C1CCCCC1)N2C3=C(C=C4C(=C3)OC(=CC4=O)C5=CC=C(C=C5)C(=O)N[C@@H](CC(C)C)C(=O)N)N=C2NC6=CC=C(C=C6)OC,0.515,649.7920000000001,0,,False,PubChem 2D similarity
CHEMBL1802815,53362304,"4-[3-[(1R)-1-cyclohexylethyl]-2-(4-methoxyanilino)-8-oxopyrano[3,2-f]benzimidazol-6-yl]benzamide",C[C@H](C1CCCCC1)N2C3=C(C=C4C(=C3)OC(=CC4=O)C5=CC=C(C=C5)C(=O)N)N=C2NC6=CC=C(C=C6)OC,0.42,536.6320000000002,0,,False,PubChem 2D similarity
CHEMBL1802815,5274476,N-isopropyl-2-[4-(4-oxochromen-2-yl)phenyl]-3H-benzimidazole-5-carboxamidine,CC(C)N=C(C1=CC2=C(C=C1)N=C(N2)C3=CC=C(C=C3)C4=CC(=O)C5=CC=CC=C5O4)N,0.347,422.4880000000002,0,,False,PubChem 2D similarity
CHEMBL1802815,129309585,"US10654814, Example 142",CN1C2=C(C=C(C=C2)C(=O)NO)N=C1NC3=CC(=CC=C3)OCC4=CC=CC=C4,0.276,388.42700000000013,0,,False,PubChem 2D similarity
CHEMBL1802815,137658648,"N,N-diethyl-1-(3-methylbutyl)-2-(4-phenoxyanilino)benzimidazole-5-carboxamide",CCN(CC)C(=O)C1=CC2=C(C=C1)N(C(=N2)NC3=CC=C(C=C3)OC4=CC=CC=C4)CCC(C)C,0.275,470.61700000000025,0,,False,PubChem 2D similarity
CHEMBL1802815,155561761,"4-[(2S)-2-(1,6-dimethylbenzimidazol-2-yl)-2-[2,5-dioxo-3-(4-phenoxyphenyl)imidazolidin-1-yl]ethyl]-N-propan-2-ylbenzamide",CC1=CC2=C(C=C1)N=C(N2C)[C@H](CC3=CC=C(C=C3)C(=O)NC(C)C)N4C(=O)CN(C4=O)C5=CC=C(C=C5)OC6=CC=CC=C6,0.268,601.7070000000002,0,,False,PubChem 2D similarity
CHEMBL1802815,137652040,"2-[(4-ethoxyphenyl)methylamino]-N,N-diethyl-1-(3-methylbutyl)benzimidazole-5-carboxamide",CCN(CC)C(=O)C1=CC2=C(C=C1)N(C(=N2)NCC3=CC=C(C=C3)OCC)CCC(C)C,0.265,436.6000000000003,0,,False,PubChem 2D similarity
CHEMBL1802815,46879467,1-(Cyclohexylmethyl)-2-[(2-methoxyphenyl)methylamino]benzimidazole-5-carboxamide,COC1=CC=CC=C1CNC2=NC3=C(N2CC4CCCCC4)C=CC(=C3)C(=O)N,0.262,392.50300000000016,0,,False,PubChem 2D similarity
CHEMBL1802815,44432949,"N,N-diisopentyl-2-(4-phenoxyphenylamino)-3-(3-(piperidin-1-yl)propyl)-3H-benzo[d]imidazole-5-carboxamide",CC(C)CCN(CCC(C)C)C(=O)C1=CC2=C(C=C1)N=C(N2CCCN3CCCCC3)NC4=CC=C(C=C4)OC5=CC=CC=C5,0.25,609.8590000000005,0,,False,PubChem 2D similarity
CHEMBL1802815,25026048,1-[(2S)-1-amino-5-(diaminomethylideneamino)-1-oxopentan-2-yl]-N-butyl-2-(3-phenoxyphenyl)benzimidazole-5-carboxamide,CCCCNC(=O)C1=CC2=C(C=C1)N(C(=N2)C3=CC(=CC=C3)OC4=CC=CC=C4)[C@@H](CCCN=C(N)N)C(=O)N,0.246,541.6560000000002,0,,False,PubChem 2D similarity
CHEMBL1802973,53361218,N-[(2S)-1-amino-4-methyl-1-oxopentan-2-yl]-4-[7-[[(1R)-1-cyclohexylethyl]amino]-6-nitro-4-oxochromen-2-yl]benzamide,C[C@H](C1CCCCC1)NC2=C(C=C3C(=C2)OC(=CC3=O)C4=CC=C(C=C4)C(=O)N[C@@H](CC(C)C)C(=O)N)[N+](=O)[O-],1.0,548.6400000000003,0,,True,PubChem 2D similarity
CHEMBL1802973,53362418,N-[(2R)-1-amino-4-methyl-1-oxopentan-2-yl]-4-[7-[[(1R)-1-cyclohexylethyl]amino]-6-nitro-4-oxochromen-2-yl]benzamide,C[C@H](C1CCCCC1)NC2=C(C=C3C(=C2)OC(=CC3=O)C4=CC=C(C=C4)C(=O)N[C@H](CC(C)C)C(=O)N)[N+](=O)[O-],1.0,548.6400000000003,0,,True,PubChem 2D similarity
CHEMBL1802973,53362419,N-[(2S)-1-amino-4-methyl-1-oxopentan-2-yl]-4-[7-[[(1S)-1-cyclohexylethyl]amino]-6-nitro-4-oxochromen-2-yl]benzamide,C[C@@H](C1CCCCC1)NC2=C(C=C3C(=C2)OC(=CC3=O)C4=CC=C(C=C4)C(=O)N[C@@H](CC(C)C)C(=O)N)[N+](=O)[O-],1.0,548.6400000000003,0,,True,PubChem 2D similarity
CHEMBL1802973,53362420,N-[(2R)-1-amino-4-methyl-1-oxopentan-2-yl]-4-[7-[[(1S)-1-cyclohexylethyl]amino]-6-nitro-4-oxochromen-2-yl]benzamide,C[C@@H](C1CCCCC1)NC2=C(C=C3C(=C2)OC(=CC3=O)C4=CC=C(C=C4)C(=O)N[C@H](CC(C)C)C(=O)N)[N+](=O)[O-],1.0,548.6400000000003,0,,True,PubChem 2D similarity
CHEMBL1802973,,CHEMBL1802981,CC(C)C[C@@H](NC(=O)c1ccc(-c2cc(=O)c3cc([N+](=O)[O-])c(N[C@@H](C)C4CCCCC4)cc3o2)cc1)C(N)=O,1.0,,,,True,ChEMBL similarity (vendor status not resolved)
CHEMBL1802973,,CHEMBL1802979,CC(C)C[C@@H](NC(=O)c1ccc(-c2cc(=O)c3cc([N+](=O)[O-])c(N[C@H](C)C4CCCCC4)cc3o2)cc1)C(N)=O,1.0,,,,True,ChEMBL similarity (vendor status not resolved)
CHEMBL1802973,,CHEMBL1802980,CC(C)C[C@H](NC(=O)c1ccc(-c2cc(=O)c3cc([N+](=O)[O-])c(N[C@@H](C)C4CCCCC4)cc3o2)cc1)C(N)=O,1.0,,,,True,ChEMBL similarity (vendor status not resolved)
CHEMBL1802973,53362421,N-[(2S)-1-amino-1-oxo-3-phenylpropan-2-yl]-4-[7-[[(1R)-1-cyclohexylethyl]amino]-6-nitro-4-oxochromen-2-yl]benzamide,C[C@H](C1CCCCC1)NC2=C(C=C3C(=C2)OC(=CC3=O)C4=CC=C(C=C4)C(=O)N[C@@H](CC5=CC=CC=C5)C(=O)N)[N+](=O)[O-],0.823,582.6570000000002,0,,False,PubChem 2D similarity
CHEMBL1802973,53362422,N-[(2R)-1-amino-1-oxo-3-phenylpropan-2-yl]-4-[7-[[(1R)-1-cyclohexylethyl]amino]-6-nitro-4-oxochromen-2-yl]benzamide,C[C@H](C1CCCCC1)NC2=C(C=C3C(=C2)OC(=CC3=O)C4=CC=C(C=C4)C(=O)N[C@H](CC5=CC=CC=C5)C(=O)N)[N+](=O)[O-],0.823,582.6570000000002,0,,False,PubChem 2D similarity
CHEMBL1802973,,CHEMBL1802983,C[C@@H](Nc1cc2oc(-c3ccc(C(=O)N[C@H](Cc4ccccc4)C(N)=O)cc3)cc(=O)c2cc1[N+](=O)[O-])C1CCCCC1,0.8227847814559937,,,,False,ChEMBL similarity (vendor status not resolved)
CHEMBL1802973,,CHEMBL1802982,C[C@@H](Nc1cc2oc(-c3ccc(C(=O)N[C@@H](Cc4ccccc4)C(N)=O)cc3)cc(=O)c2cc1[N+](=O)[O-])C1CCCCC1,0.8227847814559937,,,,False,ChEMBL similarity (vendor status not resolved)
CHEMBL1802973,,CHEMBL1802974,CC(C)C[C@H](NC(=O)c1ccc(-c2cc(=O)c3cc(N)c(N[C@H](C)C4CCCCC4)cc3o2)cc1)C(N)=O,0.800000011920929,,,,False,ChEMBL similarity (vendor status not resolved)
CHEMBL1802973,53362358,4-[6-amino-7-[[(1R)-1-cyclohexylethyl]amino]-4-oxochromen-2-yl]-N-[(2S)-1-amino-4-methyl-1-oxopentan-2-yl]benzamide,C[C@H](C1CCCCC1)NC2=C(C=C3C(=C2)OC(=CC3=O)C4=CC=C(C=C4)C(=O)N[C@@H](CC(C)C)C(=O)N)N,0.8,518.6580000000002,0,,False,PubChem 2D similarity
CHEMBL1802973,,CHEMBL1802975,CC(=O)Nc1cc2c(=O)cc(-c3ccc(C(=O)N[C@@H](CC(C)C)C(N)=O)cc3)oc2cc1N[C@H](C)C1CCCCC1,0.7692307829856873,,,,False,ChEMBL similarity (vendor status not resolved)
CHEMBL1802973,53362359,4-[6-acetamido-7-[[(1R)-1-cyclohexylethyl]amino]-4-oxochromen-2-yl]-N-[(2S)-1-amino-4-methyl-1-oxopentan-2-yl]benzamide,C[C@H](C1CCCCC1)NC2=C(C=C3C(=C2)OC(=CC3=O)C4=CC=C(C=C4)C(=O)N[C@@H](CC(C)C)C(=O)N)NC(=O)C,0.769,560.6950000000003,0,,False,PubChem 2D similarity
CHEMBL1802973,53362361,N-[(2S)-1-amino-1-oxo-3-phenylpropan-2-yl]-4-[7-(benzylamino)-6-nitro-4-oxochromen-2-yl]benzamide,C1=CC=C(C=C1)C[C@@H](C(=O)N)NC(=O)C2=CC=C(C=C2)C3=CC(=O)C4=CC(=C(C=C4O3)NCC5=CC=CC=C5)[N+](=O)[O-],0.576,562.5820000000003,0,,False,PubChem 2D similarity
CHEMBL1802973,53362362,4-[6-acetamido-7-(benzylamino)-4-oxochromen-2-yl]-N-[(2S)-1-amino-1-oxo-3-phenylpropan-2-yl]benzamide,CC(=O)NC1=C(C=C2C(=C1)C(=O)C=C(O2)C3=CC=C(C=C3)C(=O)N[C@@H](CC4=CC=CC=C4)C(=O)N)NCC5=CC=CC=C5,0.446,574.6370000000003,0,,False,PubChem 2D similarity
CHEMBL1802973,133295836,"4-[(6-fluoro-3,4-dihydro-2H-chromen-4-yl)amino]-3-nitro-N-propan-2-ylbenzamide",CC(C)NC(=O)C1=CC(=C(C=C1)NC2CCOC3=C2C=C(C=C3)F)[N+](=O)[O-],0.326,373.38400000000007,1,Ambinter,False,PubChem 2D similarity
CHEMBL1802973,45489267,4-(3-cycloheptylpropylamino)-N-(3-methoxyphenyl)-3-nitrobenzamide;hydrochloride,COC1=CC=CC(=C1)NC(=O)C2=CC(=C(C=C2)NCCCC3CCCCCC3)[N+](=O)[O-].Cl,0.29,461.9900000000004,2,Mcule; Molport,False,PubChem 2D similarity
CHEMBL1802973,144333286,"N-cyclohexyl-2-(2,2-difluoroethoxy)-4-(methylamino)-5-nitrobenzamide",CNC1=C(C=C(C(=C1)OCC(F)F)C(=O)NC2CCCCC2)[N+](=O)[O-],0.287,357.35700000000014,0,,False,PubChem 2D similarity
CHEMBL1802973,25175299,4-(isopropylamino)-N-(3-methoxyphenyl)-3-nitrobenzamide,CC(C)NC1=C(C=C(C=C1)C(=O)NC2=CC(=CC=C2)OC)[N+](=O)[O-],0.286,329.3560000000001,0,,False,PubChem 2D similarity
CHEMBL1802973,2961701,2-[2-(cyclohexylamino)-2-oxoethoxy]-N-(4-methoxy-2-nitrophenyl)benzamide,COC1=CC(=C(C=C1)NC(=O)C2=CC=CC=C2OCC(=O)NC3CCCCC3)[N+](=O)[O-],0.28,427.4570000000003,8,A2B Chem; AKos Consulting & Solutions; AgroIntelBioScan.com; Ambinter; Chem-Space.com Database,False,PubChem 2D similarity
CHEMBL5653589,,CHEMBL3752910,Cc1ccc(C(=O)Nc2cccc(C(F)(F)F)c2)cc1Nc1nc(-c2cccnc2)nc2c1cnn2C,0.7631579041481018,,,,False,ChEMBL similarity (vendor status not resolved)
CHEMBL5653589,16747388,"4-methyl-3-(1-methyl-6-(pyridin-3-yl)-1H-pyrazolo(3,4-d)pyrimidin-4-ylamino)-N-(3-(trifluoromethyl)phenyl)benzamide",CC1=C(C=C(C=C1)C(=O)NC2=CC=CC(=C2)C(F)(F)F)NC3=C4C=NN(C4=NC(=N3)C5=CN=CC=C5)C,0.763,503.48800000000017,68,001Chemical; 10X CHEM; A2B Chem; AA BLOCKS; AChemBlock,False,PubChem 2D similarity
CHEMBL5653589,11316850,4-Methyl-3-(4-(pyridin-3-yl) pyrimidin-2-ylamino)-N-(3-(trifluoro methyl) phenyl) benzamide (A2),CC1=C(C=C(C=C1)C(=O)NC2=CC=CC(=C2)C(F)(F)F)NC3=NC=CC(=N3)C4=CN=CC=C4,0.636,449.4360000000001,1,CATO Research Chemicals Inc.,False,PubChem 2D similarity
CHEMBL5653589,145962765,"4-methyl-3-[(6-pyridin-3-yl-1H-pyrrolo[2,3-b]pyridin-4-yl)amino]-N-[3-(trifluoromethyl)phenyl]benzamide",CC1=C(C=C(C=C1)C(=O)NC2=CC=CC(=C2)C(F)(F)F)NC3=CC(=NC4=C3C=CN4)C5=CN=CC=C5,0.625,487.4850000000001,0,,False,PubChem 2D similarity
CHEMBL5653589,76401488,"N-(3,5-bis(trifluoromethyl) phenyl)-4-methyl-3-(4-(pyridin-3-yl) pyrimidin-2-ylamino) benzamide (A8)",CC1=C(C=C(C=C1)C(=O)NC2=CC(=CC(=C2)C(F)(F)F)C(F)(F)F)NC3=NC=CC(=N3)C4=CN=CC=C4,0.55,517.4330000000001,0,,False,PubChem 2D similarity
CHEMBL5653589,11518031,4-methyl-3-(3-(pyrimidin-4-yl)pyridin-2-ylamino)-N-(3-(trifluoromethyl)phenyl)benzamide,CC1=C(C=C(C=C1)C(=O)NC2=CC=CC(=C2)C(F)(F)F)NC3=C(C=CC=N3)C4=NC=NC=C4,0.537,449.4360000000001,0,,False,PubChem 2D similarity
CHEMBL5653589,644241,Nilotinib,CC1=C(C=C(C=C1)C(=O)NC2=CC(=CC(=C2)C(F)(F)F)N3C=C(N=C3)C)NC4=NC=CC(=N4)C5=CN=CC=C5,0.505,529.5260000000002,101,001Chemical; 10X CHEM; A2B Chem; AA BLOCKS; AChemBlock,False,PubChem 2D similarity
CHEMBL5653589,16006490,Nilotinib Hydrochloride Anhydrous,CC1=C(C=C(C=C1)C(=O)NC2=CC(=CC(=C2)C(F)(F)F)N3C=C(N=C3)C)NC4=NC=CC(=N4)C5=CN=CC=C5.Cl,0.5,565.9870000000002,58,10X CHEM; A2B Chem; AA BLOCKS; AChemBlock; AKos Consulting & Solutions,False,PubChem 2D similarity
CHEMBL5653589,50750207,"2-[5,7-Dimethyl-2-(pyridin-3-YL)-[1,2,4]triazolo[1,5-A]pyrimidin-6-YL]-N-[3-(trifluoromethyl)phenyl]acetamide",CC1=C(C(=NC2=NC(=NN12)C3=CN=CC=C3)C)CC(=O)NC4=CC=CC(=C4)C(F)(F)F,0.46,426.40200000000004,5,AKos Consulting & Solutions; Ambinter; ChemDiv; Mcule; Molport,False,PubChem 2D similarity
CHEMBL5653589,46237928,"N-(2-methyl-6-phenyl-2H-pyrazolo[3,4-d]pyrimidin-4-yl)benzamide",CN1C=C2C(=N1)N=C(N=C2NC(=O)C3=CC=CC=C3)C4=CC=CC=C4,0.446,329.36300000000006,0,,False,PubChem 2D similarity
CHEMBL5653589,11648060,4-methyl-3-(3-(pyrimidin-4-yl)pyridin-2-ylamino)-N-(4-(trifluoromethyl)phenyl)benzamide,CC1=C(C=C(C=C1)C(=O)NC2=CC=C(C=C2)C(F)(F)F)NC3=C(C=CC=N3)C4=NC=NC=C4,0.442,449.4360000000001,0,,False,PubChem 2D similarity
CHEMBL5653589,16063245,Radotinib,CC1=C(C=C(C=C1)C(=O)NC2=CC(=CC(=C2)C(F)(F)F)N3C=C(N=C3)C)NC4=NC=CC(=N4)C5=NC=CN=C5,0.432,530.5140000000001,71,001Chemical; 10X CHEM; A2B Chem; AA BLOCKS; AChemBlock,False,PubChem 2D similarity
CHEMBL5653589,76401486,N-(2-fluorophenyl)-4-methyl-3-(4-(pyridin-3-yl) pyrimidin-2-ylamino) benzamide (A6),CC1=C(C=C(C=C1)C(=O)NC2=CC=CC=C2F)NC3=NC=CC(=N3)C4=CN=CC=C4,0.424,399.4290000000001,0,,False,PubChem 2D similarity
CHEMBL5653589,24916922,Dimethyl-[3-[3-[[4-methyl-3-[(3-pyrimidin-4-ylpyridin-2-yl)amino]benzoyl]amino]-5-(trifluoromethyl)phenyl]propyl]azanium,CC1=C(C=C(C=C1)C(=O)NC2=CC(=CC(=C2)C(F)(F)F)CCC[NH+](C)C)NC3=C(C=CC=N3)C4=NC=NC=C4,0.408,535.5940000000003,0,,False,PubChem 2D similarity
CHEMBL5653589,11497471,N-{3-[3-(Dimethylamino)propyl]-5-(Trifluoromethyl)phenyl}-4-Methyl-3-[(3-Pyrimidin-4-Ylpyridin-2-Yl)amino]benzamide,CC1=C(C=C(C=C1)C(=O)NC2=CC(=CC(=C2)C(F)(F)F)CCCN(C)C)NC3=C(C=CC=N3)C4=NC=NC=C4,0.394,534.5860000000002,3,001Chemical; MolCore; MolCore,False,PubChem 2D similarity
CHEMBL5653589,11617856,4-Methyl-n-phenyl-3-((3-(4-pyrimidinyl)-2-pyridinyl)amino)benzamide,CC1=C(C=C(C=C1)C(=O)NC2=CC=CC=C2)NC3=C(C=CC=N3)C4=NC=NC=C4,0.388,381.4390000000001,1,"Debye Scientific Co., Ltd",False,PubChem 2D similarity
