compound_id,hetnet_rank,hetnet_best_metapath,hetnet_best_target,hetnet_dwpc,hetnet_p_value_bonferroni,significant,rank,best_record_score,total_potency,max_evidence,hits_eef1a,best_protein,in_resko_ranking,in_hetnet_ranking,in_both
CHEMBL5653589,1,CbGiG,EEF1A1,0.4591556050007315,1.7603720198250437e-05,True,3.0,9.0,11.0,2.0,False,EEF1G,True,True,True
CHEMBL1802814,2,CbGpCC,EEF1A2,0.4028140301893395,0.0013866977832719,True,1.0,10.0,4.0,2.0,True,EEF1A1,True,True,True
CHEMBL1802815,2,CbGpCC,EEF1A2,0.4028140301893395,0.0013866977832719,True,2.0,10.0,4.0,2.0,True,EEF1A1,True,True,True
CHEMBL1802973,2,CbGpCC,EEF1A2,0.4028140301893395,0.0013866977832719,True,4.0,9.0,3.0,2.0,True,EEF1A1,True,True,True
CHEMBL3752910,6,CbGiG,EEF1A1,0.3302682175423095,0.0019588772969553,True,5.0,8.0,19.0,2.0,False,EEF1G,True,True,True
CHEMBL1232461,7,CbGpPW,EEF1A2,0.1501045793573056,0.0361579619222491,True,6.0,8.0,2.0,2.0,True,EEF1A1,True,True,True
CHEMBL4294164,5,CbGpPW,EEF1A2,0.2713166090490806,0.0018060725121432,True,,,,,,,False,True,False
CHEMBL4129274,8,CbGpPW,EEF1A2,0.0832553207401873,0.2108471979991457,False,,,,,,,False,True,False
CHEMBL1221911,9,CbGpPW,EEF1A1,0.2560680971184739,0.2209479065396969,False,,,,,,,False,True,False
CHEMBL2303630,9,CbGpPW,EEF1A1,0.2560680971184739,0.2209479065396969,False,,,,,,,False,True,False
CHEMBL3799977,9,CbGpPW,EEF1A1,0.2560680971184739,0.2209479065396969,False,,,,,,,False,True,False
CHEMBL4066032,9,CbGpPW,EEF1A1,0.2560680971184739,0.2209479065396969,False,,,,,,,False,True,False
CHEMBL4067648,9,CbGpPW,EEF1A1,0.2560680971184739,0.2209479065396969,False,,,,,,,False,True,False
CHEMBL4070348,9,CbGpPW,EEF1A1,0.2560680971184739,0.2209479065396969,False,,,,,,,False,True,False
CHEMBL4072881,9,CbGpPW,EEF1A1,0.2560680971184739,0.2209479065396969,False,,,,,,,False,True,False
CHEMBL4088864,9,CbGpPW,EEF1A1,0.2560680971184739,0.2209479065396969,False,,,,,,,False,True,False
CHEMBL4094319,9,CbGpPW,EEF1A1,0.2560680971184739,0.2209479065396969,False,,,,,,,False,True,False
CHEMBL4095101,9,CbGpPW,EEF1A1,0.2560680971184739,0.2209479065396969,False,,,,,,,False,True,False
CHEMBL4097524,9,CbGpPW,EEF1A1,0.2560680971184739,0.2209479065396969,False,,,,,,,False,True,False
CHEMBL4105227,9,CbGpPW,EEF1A1,0.2560680971184739,0.2209479065396969,False,,,,,,,False,True,False
CHEMBL514569,9,CbGpPW,EEF1A1,0.2560680971184739,0.2209479065396969,False,,,,,,,False,True,False
CHEMBL123292,22,CbG,EEF1A1,0.2333923201551646,0.568230518323009,False,,,,,,,False,True,False
CHEMBL101253,23,CbGpCC,EEF1A1,0.0103068341727984,1.0,False,,,,,,,False,True,False
CHEMBL1078178,23,CbGpCC,EEF1A1,0.0103068341727984,1.0,False,,,,,,,False,True,False
CHEMBL1079175,23,CbGpCC,EEF1A1,0.0103068341727984,1.0,False,,,,,,,False,True,False
CHEMBL1084546,23,CbGpCC,EEF1A1,0.0103068341727984,1.0,False,,,,,,,False,True,False
CHEMBL1088751,23,CbGpCC,EEF1A1,0.0103068341727984,1.0,False,,,,,,,False,True,False
CHEMBL1088752,23,CbGpCC,EEF1A1,0.0103068341727984,1.0,False,,,,,,,False,True,False
CHEMBL1090090,23,CbGpCC,EEF1A1,0.0103068341727984,1.0,False,,,,,,,False,True,False
CHEMBL1090479,23,CbGpCC,EEF1A1,0.0103068341727984,1.0,False,,,,,,,False,True,False
CHEMBL1091644,23,CbGpCC,EEF1A1,0.0103068341727984,1.0,False,,,,,,,False,True,False
CHEMBL1094408,23,CbGpCC,EEF1A1,0.0103068341727984,1.0,False,,,,,,,False,True,False
CHEMBL1171837,23,CbGpCC,EEF1A1,0.0103068341727984,1.0,False,,,,,,,False,True,False
CHEMBL1173655,23,CbGpCC,EEF1A1,0.0103068341727984,1.0,False,,,,,,,False,True,False
CHEMBL1201182,23,CbGpCC,EEF1A1,0.0103068341727984,1.0,False,,,,,,,False,True,False
CHEMBL1229517,23,CbGpCC,EEF1A1,0.0116054936882527,1.0,False,,,,,,,False,True,False
CHEMBL1230165,23,CbGpCC,EEF1A1,0.0103068341727984,1.0,False,,,,,,,False,True,False
CHEMBL1230607,23,CbGpCC,EEF1A1,0.0103068341727984,1.0,False,,,,,,,False,True,False
CHEMBL1230609,23,CbGpCC,EEF1A1,0.0103068341727984,1.0,False,,,,,,,False,True,False
CHEMBL1231124,23,CbGpCC,EEF1A1,0.0103068341727984,1.0,False,,,,,,,False,True,False
CHEMBL1233300,23,CbGpCC,EEF1A1,0.0103068341727984,1.0,False,,,,,,,False,True,False
CHEMBL1233528,23,CbGpCC,EEF1A1,0.0103068341727984,1.0,False,,,,,,,False,True,False
CHEMBL1234354,23,CbGpCC,EEF1A1,0.0103068341727984,1.0,False,,,,,,,False,True,False
CHEMBL1236107,23,CbGpCC,EEF1A1,0.0103068341727984,1.0,False,,,,,,,False,True,False
CHEMBL1236682,23,CbGpCC,EEF1A1,0.0103068341727984,1.0,False,,,,,,,False,True,False
CHEMBL1236962,23,CbGpCC,EEF1A1,0.0103068341727984,1.0,False,,,,,,,False,True,False
CHEMBL1240927,23,CbGpCC,EEF1A1,0.0050067065572759,1.0,False,,,,,,,False,True,False
CHEMBL1241855,23,CbGpCC,EEF1A1,0.0103068341727984,1.0,False,,,,,,,False,True,False
CHEMBL124660,23,CbGpCC,EEF1A1,0.0103068341727984,1.0,False,,,,,,,False,True,False
CHEMBL1287853,23,CbGpCC,EEF1A1,0.0103068341727984,1.0,False,,,,,,,False,True,False
CHEMBL1289494,23,CbGpCC,EEF1A1,0.0103068341727984,1.0,False,,,,,,,False,True,False
CHEMBL1289601,23,CbGpCC,EEF1A1,0.0103068341727984,1.0,False,,,,,,,False,True,False
CHEMBL1289926,23,CbGpCC,EEF1A1,0.0103068341727984,1.0,False,,,,,,,False,True,False
CHEMBL1336,23,CbGpCC,EEF1A1,0.0103068341727984,1.0,False,,,,,,,False,True,False
CHEMBL14762,23,CbGpCC,EEF1A1,0.0103068341727984,1.0,False,,,,,,,False,True,False
CHEMBL1614701,23,CbGpCC,EEF1A1,0.0103068341727984,1.0,False,,,,,,,False,True,False
CHEMBL1614707,23,CbGpCC,EEF1A1,0.0103068341727984,1.0,False,,,,,,,False,True,False
CHEMBL1614710,23,CbGpCC,EEF1A1,0.0103068341727984,1.0,False,,,,,,,False,True,False
CHEMBL1614713,23,CbGpCC,EEF1A1,0.0103068341727984,1.0,False,,,,,,,False,True,False
CHEMBL1614725,23,CbGpCC,EEF1A1,0.0103068341727984,1.0,False,,,,,,,False,True,False
CHEMBL1614766,23,CbGpCC,EEF1A1,0.0103068341727984,1.0,False,,,,,,,False,True,False
CHEMBL1615025,23,CbGpCC,EEF1A1,0.0103068341727984,1.0,False,,,,,,,False,True,False
CHEMBL1645462,23,CbGpCC,EEF1A1,0.0103068341727984,1.0,False,,,,,,,False,True,False
CHEMBL1667969,23,CbGpCC,EEF1A1,0.0103068341727984,1.0,False,,,,,,,False,True,False
CHEMBL1721885,23,CbGpCC,EEF1A1,0.0103068341727984,1.0,False,,,,,,,False,True,False
CHEMBL1738757,23,CbGpCC,EEF1A1,0.0103068341727984,1.0,False,,,,,,,False,True,False
CHEMBL1738797,23,CbGpCC,EEF1A1,0.0103068341727984,1.0,False,,,,,,,False,True,False
CHEMBL1789941,23,CbGpCC,EEF1A1,0.0103068341727984,1.0,False,,,,,,,False,True,False
CHEMBL180022,23,CbGpCC,EEF1A1,0.0103068341727984,1.0,False,,,,,,,False,True,False
CHEMBL1801204,23,CbGpCC,EEF1A1,0.0103068341727984,1.0,False,,,,,,,False,True,False
CHEMBL1822792,23,CbGpCC,EEF1A1,0.0103068341727984,1.0,False,,,,,,,False,True,False
CHEMBL186526,23,CbGpMF,EEF1A2,0.0064381754164776,1.0,False,,,,,,,False,True,False
CHEMBL1873475,23,CbGpCC,EEF1A1,0.0103068341727984,1.0,False,,,,,,,False,True,False
CHEMBL1879463,23,CbGpCC,EEF1A1,0.0103068341727984,1.0,False,,,,,,,False,True,False
CHEMBL188678,23,CbGpMF,EEF1A2,0.0064381754164776,1.0,False,,,,,,,False,True,False
CHEMBL189963,23,CbGpCC,EEF1A1,0.0103068341727984,1.0,False,,,,,,,False,True,False
CHEMBL1908360,23,CbGpCC,EEF1A1,0.0103068341727984,1.0,False,,,,,,,False,True,False
CHEMBL1908391,23,CbGpCC,EEF1A1,0.0103068341727984,1.0,False,,,,,,,False,True,False
CHEMBL1908394,23,CbGpCC,EEF1A1,0.0103068341727984,1.0,False,,,,,,,False,True,False
CHEMBL1908397,23,CbGpCC,EEF1A1,0.0103068341727984,1.0,False,,,,,,,False,True,False
CHEMBL1922094,23,CbGpCC,EEF1A1,0.0103068341727984,1.0,False,,,,,,,False,True,False
CHEMBL1944698,23,CbGpCC,EEF1A1,0.0103068341727984,1.0,False,,,,,,,False,True,False
CHEMBL1946170,23,CbGiG,EEF1A1,0.0177833151705868,1.0,False,,,,,,,False,True,False
CHEMBL1950289,23,CbGpCC,EEF1A1,0.0103068341727984,1.0,False,,,,,,,False,True,False
CHEMBL1952329,23,CbGpCC,EEF1A1,0.0103068341727984,1.0,False,,,,,,,False,True,False
CHEMBL1976040,23,CbGpCC,EEF1A1,0.0103068341727984,1.0,False,,,,,,,False,True,False
CHEMBL1983268,23,CbGpCC,EEF1A1,0.0103068341727984,1.0,False,,,,,,,False,True,False
CHEMBL2001019,23,CbGpCC,EEF1A1,0.0103068341727984,1.0,False,,,,,,,False,True,False
CHEMBL2017974,23,CbGpCC,EEF1A1,0.0103068341727984,1.0,False,,,,,,,False,True,False
CHEMBL2021569,23,CbGpCC,EEF1A1,0.0050067065572759,1.0,False,,,,,,,False,True,False
CHEMBL2021570,23,CbGpCC,EEF1A1,0.0050067065572759,1.0,False,,,,,,,False,True,False
CHEMBL2028663,23,CbGpCC,EEF1A1,0.0116054936882527,1.0,False,,,,,,,False,True,False
CHEMBL2029988,23,CbGpCC,EEF1A1,0.0103068341727984,1.0,False,,,,,,,False,True,False
CHEMBL2030402,23,CbGpCC,EEF1A1,0.0103068341727984,1.0,False,,,,,,,False,True,False
CHEMBL2035187,23,CbGpCC,EEF1A1,0.0103068341727984,1.0,False,,,,,,,False,True,False
CHEMBL2041933,23,CbGpCC,EEF1A1,0.0103068341727984,1.0,False,,,,,,,False,True,False
CHEMBL2048872,23,CbGpCC,EEF1A1,0.0103068341727984,1.0,False,,,,,,,False,True,False
CHEMBL206834,23,CbGpCC,EEF1A1,0.0103068341727984,1.0,False,,,,,,,False,True,False
CHEMBL2079588,23,CbGpCC,EEF1A1,0.0103068341727984,1.0,False,,,,,,,False,True,False
CHEMBL2087361,23,CbGpCC,EEF1A1,0.0103068341727984,1.0,False,,,,,,,False,True,False
CHEMBL2103830,23,CbGpCC,EEF1A1,0.0103068341727984,1.0,False,,,,,,,False,True,False
CHEMBL2103839,23,CbGpCC,EEF1A1,0.0103068341727984,1.0,False,,,,,,,False,True,False
CHEMBL2103840,23,CbGpCC,EEF1A1,0.0116054936882527,1.0,False,,,,,,,False,True,False
CHEMBL2103842,23,CbGpCC,EEF1A1,0.0103068341727984,1.0,False,,,,,,,False,True,False
CHEMBL2103851,23,CbGpCC,EEF1A1,0.0103068341727984,1.0,False,,,,,,,False,True,False
CHEMBL2103875,23,CbGpCC,EEF1A1,0.0103068341727984,1.0,False,,,,,,,False,True,False
CHEMBL2103882,23,CbGpCC,EEF1A1,0.0103068341727984,1.0,False,,,,,,,False,True,False
CHEMBL2105717,23,CbGpCC,EEF1A1,0.0103068341727984,1.0,False,,,,,,,False,True,False
CHEMBL2105728,23,CbGpCC,EEF1A1,0.0103068341727984,1.0,False,,,,,,,False,True,False
CHEMBL2105759,23,CbGpCC,EEF1A1,0.0103068341727984,1.0,False,,,,,,,False,True,False
CHEMBL2107832,23,CbGpCC,EEF1A1,0.0103068341727984,1.0,False,,,,,,,False,True,False
CHEMBL2110732,23,CbGpCC,EEF1A1,0.0103068341727984,1.0,False,,,,,,,False,True,False
CHEMBL2133806,23,CbGpCC,EEF1A1,0.0103068341727984,1.0,False,,,,,,,False,True,False
CHEMBL2138625,23,CbGpCC,EEF1A1,0.0103068341727984,1.0,False,,,,,,,False,True,False
CHEMBL2140408,23,CbGpCC,EEF1A1,0.0103068341727984,1.0,False,,,,,,,False,True,False
CHEMBL2144069,23,CbGpMF,EEF1A2,0.0064381754164776,1.0,False,,,,,,,False,True,False
CHEMBL2146883,23,CbGpCC,EEF1A1,0.0103068341727984,1.0,False,,,,,,,False,True,False
CHEMBL215152,23,CbGpCC,EEF1A1,0.0103068341727984,1.0,False,,,,,,,False,True,False
CHEMBL2165191,23,CbGpCC,EEF1A1,0.0103068341727984,1.0,False,,,,,,,False,True,False
CHEMBL217092,23,CbGpCC,EEF1A1,0.0103068341727984,1.0,False,,,,,,,False,True,False
CHEMBL2180604,23,CbGpCC,EEF1A1,0.0103068341727984,1.0,False,,,,,,,False,True,False
CHEMBL2216870,23,CbGpCC,EEF1A1,0.0103068341727984,1.0,False,,,,,,,False,True,False
CHEMBL2219422,23,CbGpCC,EEF1A1,0.0103068341727984,1.0,False,,,,,,,False,True,False
CHEMBL221959,23,CbGpCC,EEF1A1,0.0103068341727984,1.0,False,,,,,,,False,True,False
CHEMBL2220486,23,CbGpCC,EEF1A1,0.0103068341727984,1.0,False,,,,,,,False,True,False
CHEMBL223360,23,CbGpCC,EEF1A1,0.0103068341727984,1.0,False,,,,,,,False,True,False
CHEMBL230011,23,CbGpCC,EEF1A1,0.0103068341727984,1.0,False,,,,,,,False,True,False
CHEMBL2323775,23,CbGpCC,EEF1A1,0.0103068341727984,1.0,False,,,,,,,False,True,False
CHEMBL2325741,23,CbGpCC,EEF1A1,0.0103068341727984,1.0,False,,,,,,,False,True,False
CHEMBL2336325,23,CbGpCC,EEF1A1,0.0103068341727984,1.0,False,,,,,,,False,True,False
CHEMBL2364611,23,CbGpCC,EEF1A1,0.0103068341727984,1.0,False,,,,,,,False,True,False
CHEMBL2376648,23,CbGpCC,EEF1A1,0.0103068341727984,1.0,False,,,,,,,False,True,False
CHEMBL2386889,23,CbGpCC,EEF1A1,0.0103068341727984,1.0,False,,,,,,,False,True,False
CHEMBL2396661,23,CbGpCC,EEF1A1,0.0103068341727984,1.0,False,,,,,,,False,True,False
CHEMBL2403108,23,CbGpCC,EEF1A1,0.0103068341727984,1.0,False,,,,,,,False,True,False
CHEMBL2408045,23,CbGpCC,EEF1A1,0.0103068341727984,1.0,False,,,,,,,False,True,False
CHEMBL242529,23,CbGpMF,EEF1A2,0.0064381754164776,1.0,False,,,,,,,False,True,False
CHEMBL24828,23,CbGpCC,EEF1A1,0.0103068341727984,1.0,False,,,,,,,False,True,False
CHEMBL253969,23,CbGpCC,EEF1A1,0.0103068341727984,1.0,False,,,,,,,False,True,False
CHEMBL255863,23,CbGpCC,EEF1A1,0.0103068341727984,1.0,False,,,,,,,False,True,False
CHEMBL259084,23,CbGpCC,EEF1A1,0.0103068341727984,1.0,False,,,,,,,False,True,False
CHEMBL270995,23,CbGpCC,EEF1A1,0.0103068341727984,1.0,False,,,,,,,False,True,False
CHEMBL274654,23,CbGpCC,EEF1A1,0.0103068341727984,1.0,False,,,,,,,False,True,False
CHEMBL278315,23,CbGpMF,EEF1A2,0.0064381754164776,1.0,False,,,,,,,False,True,False
CHEMBL281948,23,CbGpCC,EEF1A1,0.0103068341727984,1.0,False,,,,,,,False,True,False
CHEMBL283120,23,CbGpCC,EEF1A1,0.0103068341727984,1.0,False,,,,,,,False,True,False
CHEMBL288441,23,CbGpCC,EEF1A1,0.0103068341727984,1.0,False,,,,,,,False,True,False
CHEMBL296468,23,CbGpCC,EEF1A1,0.0103068341727984,1.0,False,,,,,,,False,True,False
CHEMBL300138,23,CbGpCC,EEF1A1,0.0103068341727984,1.0,False,,,,,,,False,True,False
CHEMBL301982,23,CbGpCC,EEF1A1,0.0050067065572759,1.0,False,,,,,,,False,True,False
CHEMBL3039513,23,CbGpCC,EEF1A1,0.0103068341727984,1.0,False,,,,,,,False,True,False
CHEMBL3039517,23,CbGpCC,EEF1A1,0.0103068341727984,1.0,False,,,,,,,False,True,False
CHEMBL3039525,23,CbGpCC,EEF1A1,0.0103068341727984,1.0,False,,,,,,,False,True,False
CHEMBL3109738,23,CbGpCC,EEF1A1,0.0103068341727984,1.0,False,,,,,,,False,True,False
CHEMBL3120215,23,CbGpCC,EEF1A1,0.0103068341727984,1.0,False,,,,,,,False,True,False
CHEMBL3125890,23,CbGpMF,EEF1A2,0.0064381754164776,1.0,False,,,,,,,False,True,False
CHEMBL3128043,23,CbGpCC,EEF1A1,0.0103068341727984,1.0,False,,,,,,,False,True,False
CHEMBL3137331,23,CbGpCC,EEF1A1,0.0103068341727984,1.0,False,,,,,,,False,True,False
CHEMBL3137336,23,CbGpCC,EEF1A1,0.0103068341727984,1.0,False,,,,,,,False,True,False
CHEMBL3182621,23,CbGpCC,EEF1A1,0.0103068341727984,1.0,False,,,,,,,False,True,False
CHEMBL3184679,23,CbGpCC,EEF1A1,0.0103068341727984,1.0,False,,,,,,,False,True,False
CHEMBL3186534,23,CbGpCC,EEF1A1,0.0103068341727984,1.0,False,,,,,,,False,True,False
CHEMBL3187723,23,CbGpCC,EEF1A1,0.0103068341727984,1.0,False,,,,,,,False,True,False
CHEMBL3188267,23,CbGpCC,EEF1A1,0.0103068341727984,1.0,False,,,,,,,False,True,False
CHEMBL3188551,23,CbGpCC,EEF1A1,0.0103068341727984,1.0,False,,,,,,,False,True,False
CHEMBL31965,23,CbGpCC,EEF1A1,0.0103068341727984,1.0,False,,,,,,,False,True,False
CHEMBL3218575,23,CbGpCC,EEF1A1,0.0103068341727984,1.0,False,,,,,,,False,True,False
CHEMBL3218576,23,CbGpCC,EEF1A1,0.0103068341727984,1.0,False,,,,,,,False,True,False
CHEMBL3218578,23,CbGpCC,EEF1A1,0.0103068341727984,1.0,False,,,,,,,False,True,False
CHEMBL3264002,23,CbGpCC,EEF1A1,0.0103068341727984,1.0,False,,,,,,,False,True,False
CHEMBL3286745,23,CbGpCC,EEF1A1,0.0050067065572759,1.0,False,,,,,,,False,True,False
CHEMBL3301607,23,CbGpCC,EEF1A1,0.0103068341727984,1.0,False,,,,,,,False,True,False
CHEMBL3301610,23,CbGpCC,EEF1A1,0.0103068341727984,1.0,False,,,,,,,False,True,False
CHEMBL3301612,23,CbGpCC,EEF1A1,0.0103068341727984,1.0,False,,,,,,,False,True,False
CHEMBL3301622,23,CbGpCC,EEF1A1,0.0103068341727984,1.0,False,,,,,,,False,True,False
CHEMBL3334567,23,CbGpCC,EEF1A1,0.0103068341727984,1.0,False,,,,,,,False,True,False
CHEMBL3348923,23,CbGpCC,EEF1A1,0.0103068341727984,1.0,False,,,,,,,False,True,False
CHEMBL3353410,23,CbGpCC,EEF1A1,0.0103068341727984,1.0,False,,,,,,,False,True,False
CHEMBL3402762,23,CbGpCC,EEF1A1,0.0103068341727984,1.0,False,,,,,,,False,True,False
CHEMBL3408248,23,CbGpCC,EEF1A1,0.0103068341727984,1.0,False,,,,,,,False,True,False
CHEMBL3426621,23,CbGpCC,EEF1A1,0.0103068341727984,1.0,False,,,,,,,False,True,False
CHEMBL3544932,23,CbGpCC,EEF1A1,0.0103068341727984,1.0,False,,,,,,,False,True,False
CHEMBL3544960,23,CbGpCC,EEF1A1,0.0103068341727984,1.0,False,,,,,,,False,True,False
CHEMBL3544964,23,CbGpCC,EEF1A1,0.0103068341727984,1.0,False,,,,,,,False,True,False
CHEMBL3544966,23,CbGpCC,EEF1A1,0.0103068341727984,1.0,False,,,,,,,False,True,False
CHEMBL3544983,23,CbGpCC,EEF1A1,0.0103068341727984,1.0,False,,,,,,,False,True,False
CHEMBL3545076,23,CbGpCC,EEF1A1,0.0103068341727984,1.0,False,,,,,,,False,True,False
CHEMBL3545083,23,CbGpCC,EEF1A1,0.0103068341727984,1.0,False,,,,,,,False,True,False
CHEMBL3545085,23,CbGpCC,EEF1A1,0.0103068341727984,1.0,False,,,,,,,False,True,False
CHEMBL3545110,23,CbGpCC,EEF1A1,0.0103068341727984,1.0,False,,,,,,,False,True,False
CHEMBL3545154,23,CbGpCC,EEF1A1,0.0103068341727984,1.0,False,,,,,,,False,True,False
CHEMBL3545157,23,CbGpCC,EEF1A1,0.0103068341727984,1.0,False,,,,,,,False,True,False
CHEMBL3545215,23,CbGpCC,EEF1A1,0.0103068341727984,1.0,False,,,,,,,False,True,False
CHEMBL3545307,23,CbGpCC,EEF1A1,0.0103068341727984,1.0,False,,,,,,,False,True,False
CHEMBL3545308,23,CbGpCC,EEF1A1,0.0103068341727984,1.0,False,,,,,,,False,True,False
CHEMBL3545328,23,CbGpCC,EEF1A1,0.0103068341727984,1.0,False,,,,,,,False,True,False
CHEMBL3545360,23,CbGpCC,EEF1A1,0.0103068341727984,1.0,False,,,,,,,False,True,False
CHEMBL3545366,23,CbGpCC,EEF1A1,0.0103068341727984,1.0,False,,,,,,,False,True,False
CHEMBL3545396,23,CbGpCC,EEF1A1,0.0103068341727984,1.0,False,,,,,,,False,True,False
CHEMBL3590106,23,CbGpCC,EEF1A1,0.0103068341727984,1.0,False,,,,,,,False,True,False
CHEMBL3600873,23,CbGpCC,EEF1A1,0.0103068341727984,1.0,False,,,,,,,False,True,False
CHEMBL3608911,23,CbGpMF,EEF1A2,0.0064381754164776,1.0,False,,,,,,,False,True,False
CHEMBL3609826,23,CbGpCC,EEF1A1,0.0050067065572759,1.0,False,,,,,,,False,True,False
CHEMBL3688339,23,CbGpCC,EEF1A1,0.0103068341727984,1.0,False,,,,,,,False,True,False
CHEMBL3699142,23,CbGpCC,EEF1A1,0.0103068341727984,1.0,False,,,,,,,False,True,False
CHEMBL372764,23,CbGpCC,EEF1A1,0.0103068341727984,1.0,False,,,,,,,False,True,False
CHEMBL377300,23,CbGpCC,EEF1A1,0.0103068341727984,1.0,False,,,,,,,False,True,False
CHEMBL3813873,23,CbGpCC,EEF1A1,0.0103068341727984,1.0,False,,,,,,,False,True,False
CHEMBL38380,23,CbGpCC,EEF1A1,0.0103068341727984,1.0,False,,,,,,,False,True,False
CHEMBL384304,23,CbGpCC,EEF1A1,0.0103068341727984,1.0,False,,,,,,,False,True,False
CHEMBL3891011,23,CbGpMF,EEF1A2,0.0064381754164776,1.0,False,,,,,,,False,True,False
CHEMBL3900925,23,CbGpMF,EEF1A2,0.0064381754164776,1.0,False,,,,,,,False,True,False
CHEMBL3901185,23,CbGpMF,EEF1A2,0.0064381754164776,1.0,False,,,,,,,False,True,False
CHEMBL3905315,23,CbGpMF,EEF1A2,0.0064381754164776,1.0,False,,,,,,,False,True,False
CHEMBL3907479,23,CbGpCC,EEF1A1,0.0103068341727984,1.0,False,,,,,,,False,True,False
CHEMBL3911352,23,CbGpMF,EEF1A2,0.0064381754164776,1.0,False,,,,,,,False,True,False
CHEMBL3916672,23,CbGpMF,EEF1A2,0.0064381754164776,1.0,False,,,,,,,False,True,False
CHEMBL3919459,23,CbGpMF,EEF1A2,0.0064381754164776,1.0,False,,,,,,,False,True,False
CHEMBL3919811,23,CbGpMF,EEF1A2,0.0064381754164776,1.0,False,,,,,,,False,True,False
CHEMBL3922414,23,CbGpMF,EEF1A2,0.0064381754164776,1.0,False,,,,,,,False,True,False
CHEMBL3923966,23,CbGpMF,EEF1A2,0.0064381754164776,1.0,False,,,,,,,False,True,False
CHEMBL3928361,23,CbGpMF,EEF1A2,0.0064381754164776,1.0,False,,,,,,,False,True,False
CHEMBL3936187,23,CbGpMF,EEF1A2,0.0064381754164776,1.0,False,,,,,,,False,True,False
CHEMBL3937369,23,CbGpMF,EEF1A2,0.0064381754164776,1.0,False,,,,,,,False,True,False
CHEMBL3944589,23,CbGpMF,EEF1A2,0.0064381754164776,1.0,False,,,,,,,False,True,False
CHEMBL3946252,23,CbGpMF,EEF1A2,0.0064381754164776,1.0,False,,,,,,,False,True,False
CHEMBL3947240,23,CbGpMF,EEF1A2,0.0064381754164776,1.0,False,,,,,,,False,True,False
CHEMBL3953713,23,CbGpMF,EEF1A2,0.0064381754164776,1.0,False,,,,,,,False,True,False
CHEMBL3955977,23,CbGpMF,EEF1A2,0.0064381754164776,1.0,False,,,,,,,False,True,False
CHEMBL3957716,23,CbGpMF,EEF1A2,0.0064381754164776,1.0,False,,,,,,,False,True,False
CHEMBL3964729,23,CbGpMF,EEF1A2,0.0064381754164776,1.0,False,,,,,,,False,True,False
CHEMBL3967087,23,CbGpMF,EEF1A2,0.0064381754164776,1.0,False,,,,,,,False,True,False
CHEMBL3969412,23,CbGpMF,EEF1A2,0.0064381754164776,1.0,False,,,,,,,False,True,False
CHEMBL3972065,23,CbGpMF,EEF1A2,0.0064381754164776,1.0,False,,,,,,,False,True,False
CHEMBL3973213,23,CbGpMF,EEF1A2,0.0064381754164776,1.0,False,,,,,,,False,True,False
CHEMBL3975567,23,CbGpMF,EEF1A2,0.0064381754164776,1.0,False,,,,,,,False,True,False
CHEMBL3983798,23,CbGpMF,EEF1A2,0.0064381754164776,1.0,False,,,,,,,False,True,False
CHEMBL3989868,23,CbGpCC,EEF1A1,0.0103068341727984,1.0,False,,,,,,,False,True,False
CHEMBL3989914,23,CbGpCC,EEF1A1,0.0103068341727984,1.0,False,,,,,,,False,True,False
CHEMBL3990456,23,CbGpCC,EEF1A1,0.0103068341727984,1.0,False,,,,,,,False,True,False
CHEMBL3991927,23,CbGpCC,EEF1A1,0.0103068341727984,1.0,False,,,,,,,False,True,False
CHEMBL3991929,23,CbGpCC,EEF1A1,0.0103068341727984,1.0,False,,,,,,,False,True,False
CHEMBL3991931,23,CbGpCC,EEF1A1,0.0103068341727984,1.0,False,,,,,,,False,True,False
CHEMBL3991932,23,CbGpCC,EEF1A1,0.0103068341727984,1.0,False,,,,,,,False,True,False
CHEMBL3991933,23,CbGpCC,EEF1A1,0.0103068341727984,1.0,False,,,,,,,False,True,False
CHEMBL3991934,23,CbGpCC,EEF1A1,0.0103068341727984,1.0,False,,,,,,,False,True,False
CHEMBL3991935,23,CbGpCC,EEF1A1,0.0103068341727984,1.0,False,,,,,,,False,True,False
CHEMBL400402,23,CbGpCC,EEF1A1,0.0103068341727984,1.0,False,,,,,,,False,True,False
CHEMBL402548,23,CbGpCC,EEF1A1,0.0103068341727984,1.0,False,,,,,,,False,True,False
CHEMBL403989,23,CbGpCC,EEF1A1,0.0103068341727984,1.0,False,,,,,,,False,True,False
CHEMBL405130,23,CbGpCC,EEF1A1,0.0103068341727984,1.0,False,,,,,,,False,True,False
CHEMBL4062193,23,CbGpCC,EEF1A1,0.0332571720174611,1.0,False,,,,,,,False,True,False
CHEMBL4063330,23,CbGpMF,EEF1A2,0.0064381754164776,1.0,False,,,,,,,False,True,False
CHEMBL4063438,23,CbGpMF,EEF1A2,0.0064381754164776,1.0,False,,,,,,,False,True,False
CHEMBL4063608,23,CbGpMF,EEF1A2,0.0064381754164776,1.0,False,,,,,,,False,True,False
CHEMBL4066791,23,CbGpMF,EEF1A2,0.0064381754164776,1.0,False,,,,,,,False,True,False
CHEMBL4066800,23,CbGpMF,EEF1A2,0.0064381754164776,1.0,False,,,,,,,False,True,False
CHEMBL4066949,23,CbGpMF,EEF1A2,0.0064381754164776,1.0,False,,,,,,,False,True,False
CHEMBL4069552,23,CbGpMF,EEF1A2,0.0064381754164776,1.0,False,,,,,,,False,True,False
CHEMBL4070302,23,CbGpMF,EEF1A2,0.0064381754164776,1.0,False,,,,,,,False,True,False
CHEMBL4070633,23,CbGpMF,EEF1A2,0.0064381754164776,1.0,False,,,,,,,False,True,False
CHEMBL4071793,23,CbGpMF,EEF1A2,0.0064381754164776,1.0,False,,,,,,,False,True,False
CHEMBL4072087,23,CbGpMF,EEF1A2,0.0064381754164776,1.0,False,,,,,,,False,True,False
CHEMBL4076144,23,CbGpMF,EEF1A2,0.0064381754164776,1.0,False,,,,,,,False,True,False
CHEMBL4076337,23,CbGpMF,EEF1A2,0.0064381754164776,1.0,False,,,,,,,False,True,False
CHEMBL4077078,23,CbGpMF,EEF1A2,0.0064381754164776,1.0,False,,,,,,,False,True,False
CHEMBL4077611,23,CbGpMF,EEF1A2,0.0064381754164776,1.0,False,,,,,,,False,True,False
CHEMBL4081256,23,CbGpMF,EEF1A2,0.0064381754164776,1.0,False,,,,,,,False,True,False
CHEMBL4082534,23,CbGpMF,EEF1A2,0.0064381754164776,1.0,False,,,,,,,False,True,False
CHEMBL4083615,23,CbGpMF,EEF1A2,0.0064381754164776,1.0,False,,,,,,,False,True,False
CHEMBL4084193,23,CbGpCC,EEF1A1,0.0103068341727984,1.0,False,,,,,,,False,True,False
CHEMBL4087666,23,CbGpMF,EEF1A2,0.0064381754164776,1.0,False,,,,,,,False,True,False
CHEMBL4090359,23,CbGpMF,EEF1A2,0.0064381754164776,1.0,False,,,,,,,False,True,False
CHEMBL4091297,23,CbGpMF,EEF1A2,0.0064381754164776,1.0,False,,,,,,,False,True,False
CHEMBL4091953,23,CbGpMF,EEF1A2,0.0064381754164776,1.0,False,,,,,,,False,True,False
CHEMBL4093377,23,CbGpCC,EEF1A1,0.0332571720174611,1.0,False,,,,,,,False,True,False
CHEMBL4094691,23,CbGpMF,EEF1A2,0.0064381754164776,1.0,False,,,,,,,False,True,False
CHEMBL4096048,23,CbGpMF,EEF1A2,0.0064381754164776,1.0,False,,,,,,,False,True,False
CHEMBL4098083,23,CbGpMF,EEF1A2,0.0064381754164776,1.0,False,,,,,,,False,True,False
CHEMBL4099031,23,CbGpMF,EEF1A2,0.0064381754164776,1.0,False,,,,,,,False,True,False
CHEMBL4100535,23,CbGpMF,EEF1A2,0.0064381754164776,1.0,False,,,,,,,False,True,False
CHEMBL4101619,23,CbGpMF,EEF1A2,0.0064381754164776,1.0,False,,,,,,,False,True,False
CHEMBL4101680,23,CbGpCC,EEF1A1,0.0332571720174611,1.0,False,,,,,,,False,True,False
CHEMBL4102297,23,CbGpMF,EEF1A2,0.0064381754164776,1.0,False,,,,,,,False,True,False
CHEMBL411907,23,CbGpCC,EEF1A1,0.0103068341727984,1.0,False,,,,,,,False,True,False
CHEMBL413,23,CbGpCC,EEF1A1,0.0103068341727984,1.0,False,,,,,,,False,True,False
CHEMBL415049,23,CbGpCC,EEF1A1,0.0103068341727984,1.0,False,,,,,,,False,True,False
CHEMBL4207280,23,CbGpMF,EEF1A2,0.0064381754164776,1.0,False,,,,,,,False,True,False
CHEMBL4207816,23,CbGpMF,EEF1A2,0.0064381754164776,1.0,False,,,,,,,False,True,False
CHEMBL4276798,23,CbGpMF,EEF1A2,0.0064381754164776,1.0,False,,,,,,,False,True,False
CHEMBL4277867,23,CbGpMF,EEF1A2,0.0064381754164776,1.0,False,,,,,,,False,True,False
CHEMBL4280406,23,CbGpMF,EEF1A2,0.0064381754164776,1.0,False,,,,,,,False,True,False
CHEMBL4281330,23,CbGpMF,EEF1A2,0.0064381754164776,1.0,False,,,,,,,False,True,False
CHEMBL4282794,23,CbGpMF,EEF1A2,0.0064381754164776,1.0,False,,,,,,,False,True,False
CHEMBL4283002,23,CbGpMF,EEF1A2,0.0064381754164776,1.0,False,,,,,,,False,True,False
CHEMBL4284740,23,CbGpMF,EEF1A2,0.0064381754164776,1.0,False,,,,,,,False,True,False
CHEMBL4285168,23,CbGpMF,EEF1A2,0.0064381754164776,1.0,False,,,,,,,False,True,False
CHEMBL428690,23,CbGpCC,EEF1A1,0.0103068341727984,1.0,False,,,,,,,False,True,False
CHEMBL4288307,23,CbGpMF,EEF1A2,0.0064381754164776,1.0,False,,,,,,,False,True,False
CHEMBL4288525,23,CbGpMF,EEF1A2,0.0064381754164776,1.0,False,,,,,,,False,True,False
CHEMBL4289017,23,CbGpCC,EEF1A1,0.0103068341727984,1.0,False,,,,,,,False,True,False
CHEMBL4291948,23,CbGpMF,EEF1A2,0.0064381754164776,1.0,False,,,,,,,False,True,False
CHEMBL4293003,23,CbGpMF,EEF1A2,0.0064381754164776,1.0,False,,,,,,,False,True,False
CHEMBL4293406,23,CbGpMF,EEF1A2,0.0064381754164776,1.0,False,,,,,,,False,True,False
CHEMBL4293586,23,CbGpMF,EEF1A2,0.0064381754164776,1.0,False,,,,,,,False,True,False
CHEMBL438605,23,CbGpMF,EEF1A2,0.0064381754164776,1.0,False,,,,,,,False,True,False
CHEMBL445813,23,CbGpCC,EEF1A1,0.0103068341727984,1.0,False,,,,,,,False,True,False
CHEMBL4514442,23,CbGpMF,EEF1A2,0.0064381754164776,1.0,False,,,,,,,False,True,False
CHEMBL460702,23,CbGpCC,EEF1A1,0.0103068341727984,1.0,False,,,,,,,False,True,False
CHEMBL462018,23,CbGpCC,EEF1A1,0.0103068341727984,1.0,False,,,,,,,False,True,False
CHEMBL463763,23,CbGpMF,EEF1A2,0.0064381754164776,1.0,False,,,,,,,False,True,False
CHEMBL475251,23,CbGpCC,EEF1A1,0.0103068341727984,1.0,False,,,,,,,False,True,False
CHEMBL477772,23,CbGpCC,EEF1A1,0.0103068341727984,1.0,False,,,,,,,False,True,False
CHEMBL482767,23,CbGpCC,EEF1A1,0.0103068341727984,1.0,False,,,,,,,False,True,False
CHEMBL482967,23,CbGpCC,EEF1A1,0.0103068341727984,1.0,False,,,,,,,False,True,False
CHEMBL482968,23,CbGpCC,EEF1A1,0.0103068341727984,1.0,False,,,,,,,False,True,False
CHEMBL483158,23,CbGpCC,EEF1A1,0.0103068341727984,1.0,False,,,,,,,False,True,False
CHEMBL483321,23,CbGpCC,EEF1A1,0.0103068341727984,1.0,False,,,,,,,False,True,False
CHEMBL4846644,23,CbGpMF,EEF1A2,0.0064381754164776,1.0,False,,,,,,,False,True,False
CHEMBL4848310,23,CbGpMF,EEF1A2,0.0064381754164776,1.0,False,,,,,,,False,True,False
CHEMBL4876187,23,CbGpMF,EEF1A2,0.0064381754164776,1.0,False,,,,,,,False,True,False
CHEMBL4877620,23,CbGpMF,EEF1A2,0.0064381754164776,1.0,False,,,,,,,False,True,False
CHEMBL488436,23,CbGpCC,EEF1A1,0.0103068341727984,1.0,False,,,,,,,False,True,False
CHEMBL491473,23,CbGpCC,EEF1A1,0.0103068341727984,1.0,False,,,,,,,False,True,False
CHEMBL494089,23,CbGpCC,EEF1A1,0.0103068341727984,1.0,False,,,,,,,False,True,False
CHEMBL495727,23,CbGpCC,EEF1A1,0.0103068341727984,1.0,False,,,,,,,False,True,False
CHEMBL496102,23,CbGpCC,EEF1A1,0.0103068341727984,1.0,False,,,,,,,False,True,False
CHEMBL50,23,CbGpCC,EEF1A1,0.0050067065572759,1.0,False,,,,,,,False,True,False
CHEMBL501870,23,CbGpMF,EEF1A2,0.0064381754164776,1.0,False,,,,,,,False,True,False
CHEMBL502835,23,CbGpCC,EEF1A1,0.0103068341727984,1.0,False,,,,,,,False,True,False
CHEMBL507361,23,CbGpCC,EEF1A1,0.0103068341727984,1.0,False,,,,,,,False,True,False
CHEMBL513909,23,CbGpCC,EEF1A1,0.0103068341727984,1.0,False,,,,,,,False,True,False
CHEMBL514201,23,CbGpCC,EEF1A1,0.0103068341727984,1.0,False,,,,,,,False,True,False
CHEMBL520014,23,CbGpMF,EEF1A2,0.0064381754164776,1.0,False,,,,,,,False,True,False
CHEMBL5200595,23,CbGpMF,EEF1A2,0.0064381754164776,1.0,False,,,,,,,False,True,False
CHEMBL521851,23,CbGpCC,EEF1A1,0.0103068341727984,1.0,False,,,,,,,False,True,False
CHEMBL522892,23,CbGpCC,EEF1A1,0.0103068341727984,1.0,False,,,,,,,False,True,False
CHEMBL525191,23,CbGpMF,EEF1A2,0.0064381754164776,1.0,False,,,,,,,False,True,False
CHEMBL535,23,CbGpCC,EEF1A1,0.0103068341727984,1.0,False,,,,,,,False,True,False
CHEMBL536151,23,CbGpCC,EEF1A1,0.0103068341727984,1.0,False,,,,,,,False,True,False
CHEMBL5398773,23,CbGpMF,EEF1A2,0.0064381754164776,1.0,False,,,,,,,False,True,False
CHEMBL5402290,23,CbGpMF,EEF1A2,0.0064381754164776,1.0,False,,,,,,,False,True,False
CHEMBL541255,23,CbGpCC,EEF1A1,0.0050067065572759,1.0,False,,,,,,,False,True,False
CHEMBL5416410,23,CbGpCC,EEF1A1,0.0103068341727984,1.0,False,,,,,,,False,True,False
CHEMBL5441131,23,CbGpMF,EEF1A2,0.0064381754164776,1.0,False,,,,,,,False,True,False
CHEMBL549427,23,CbGpCC,EEF1A1,0.0050067065572759,1.0,False,,,,,,,False,True,False
CHEMBL549495,23,CbGpCC,EEF1A1,0.0050067065572759,1.0,False,,,,,,,False,True,False
CHEMBL549776,23,CbGpCC,EEF1A1,0.0050067065572759,1.0,False,,,,,,,False,True,False
CHEMBL549777,23,CbGpCC,EEF1A1,0.0050067065572759,1.0,False,,,,,,,False,True,False
CHEMBL549837,23,CbGpCC,EEF1A1,0.0050067065572759,1.0,False,,,,,,,False,True,False
CHEMBL550179,23,CbGpCC,EEF1A1,0.0050067065572759,1.0,False,,,,,,,False,True,False
CHEMBL550249,23,CbGpCC,EEF1A1,0.0050067065572759,1.0,False,,,,,,,False,True,False
CHEMBL550251,23,CbGpCC,EEF1A1,0.0050067065572759,1.0,False,,,,,,,False,True,False
CHEMBL550509,23,CbGpCC,EEF1A1,0.0050067065572759,1.0,False,,,,,,,False,True,False
CHEMBL550516,23,CbGpCC,EEF1A1,0.0050067065572759,1.0,False,,,,,,,False,True,False
CHEMBL550653,23,CbGpCC,EEF1A1,0.0050067065572759,1.0,False,,,,,,,False,True,False
CHEMBL550790,23,CbGpCC,EEF1A1,0.0050067065572759,1.0,False,,,,,,,False,True,False
CHEMBL551056,23,CbGpCC,EEF1A1,0.0050067065572759,1.0,False,,,,,,,False,True,False
CHEMBL551057,23,CbGpCC,EEF1A1,0.0050067065572759,1.0,False,,,,,,,False,True,False
CHEMBL551064,23,CbGpCC,EEF1A1,0.0103068341727984,1.0,False,,,,,,,False,True,False
CHEMBL551320,23,CbGpCC,EEF1A1,0.0050067065572759,1.0,False,,,,,,,False,True,False
CHEMBL551602,23,CbGpCC,EEF1A1,0.0050067065572759,1.0,False,,,,,,,False,True,False
CHEMBL551807,23,CbGpCC,EEF1A1,0.0050067065572759,1.0,False,,,,,,,False,True,False
CHEMBL551918,23,CbGpCC,EEF1A1,0.0050067065572759,1.0,False,,,,,,,False,True,False
CHEMBL551995,23,CbGpCC,EEF1A1,0.0050067065572759,1.0,False,,,,,,,False,True,False
CHEMBL551996,23,CbGpCC,EEF1A1,0.0050067065572759,1.0,False,,,,,,,False,True,False
CHEMBL552259,23,CbGpCC,EEF1A1,0.0050067065572759,1.0,False,,,,,,,False,True,False
CHEMBL552320,23,CbGpCC,EEF1A1,0.0050067065572759,1.0,False,,,,,,,False,True,False
CHEMBL552321,23,CbGpCC,EEF1A1,0.0050067065572759,1.0,False,,,,,,,False,True,False
CHEMBL553,23,CbGpCC,EEF1A1,0.0103068341727984,1.0,False,,,,,,,False,True,False
CHEMBL553924,23,CbGpCC,EEF1A1,0.0050067065572759,1.0,False,,,,,,,False,True,False
CHEMBL554,23,CbGpCC,EEF1A1,0.0103068341727984,1.0,False,,,,,,,False,True,False
CHEMBL554519,23,CbGpCC,EEF1A1,0.0050067065572759,1.0,False,,,,,,,False,True,False
CHEMBL554525,23,CbGpCC,EEF1A1,0.0050067065572759,1.0,False,,,,,,,False,True,False
CHEMBL555689,23,CbGpCC,EEF1A1,0.0050067065572759,1.0,False,,,,,,,False,True,False
CHEMBL556491,23,CbGpCC,EEF1A1,0.0050067065572759,1.0,False,,,,,,,False,True,False
CHEMBL557507,23,CbGpCC,EEF1A1,0.0050067065572759,1.0,False,,,,,,,False,True,False
CHEMBL557716,23,CbGpCC,EEF1A1,0.0050067065572759,1.0,False,,,,,,,False,True,False
CHEMBL557848,23,CbGpCC,EEF1A1,0.0050067065572759,1.0,False,,,,,,,False,True,False
CHEMBL557917,23,CbGpCC,EEF1A1,0.0050067065572759,1.0,False,,,,,,,False,True,False
CHEMBL558033,23,CbGpCC,EEF1A1,0.0050067065572759,1.0,False,,,,,,,False,True,False
CHEMBL558247,23,CbGpCC,EEF1A1,0.0050067065572759,1.0,False,,,,,,,False,True,False
CHEMBL558309,23,CbGpCC,EEF1A1,0.0050067065572759,1.0,False,,,,,,,False,True,False
CHEMBL558752,23,CbGpCC,EEF1A1,0.0116054936882527,1.0,False,,,,,,,False,True,False
CHEMBL559039,23,CbGpCC,EEF1A1,0.0050067065572759,1.0,False,,,,,,,False,True,False
CHEMBL559343,23,CbGpCC,EEF1A1,0.0050067065572759,1.0,False,,,,,,,False,True,False
CHEMBL559530,23,CbGpCC,EEF1A1,0.0050067065572759,1.0,False,,,,,,,False,True,False
CHEMBL559594,23,CbGpCC,EEF1A1,0.0050067065572759,1.0,False,,,,,,,False,True,False
CHEMBL559595,23,CbGpCC,EEF1A1,0.0050067065572759,1.0,False,,,,,,,False,True,False
CHEMBL559728,23,CbGpCC,EEF1A1,0.0050067065572759,1.0,False,,,,,,,False,True,False
CHEMBL560380,23,CbGpCC,EEF1A1,0.0050067065572759,1.0,False,,,,,,,False,True,False
CHEMBL560657,23,CbGpCC,EEF1A1,0.0050067065572759,1.0,False,,,,,,,False,True,False
CHEMBL560663,23,CbGpCC,EEF1A1,0.0050067065572759,1.0,False,,,,,,,False,True,False
CHEMBL560858,23,CbGpCC,EEF1A1,0.0050067065572759,1.0,False,,,,,,,False,True,False
CHEMBL561059,23,CbGpCC,EEF1A1,0.0050067065572759,1.0,False,,,,,,,False,True,False
CHEMBL561119,23,CbGpCC,EEF1A1,0.0050067065572759,1.0,False,,,,,,,False,True,False
CHEMBL561125,23,CbGpCC,EEF1A1,0.0050067065572759,1.0,False,,,,,,,False,True,False
CHEMBL561265,23,CbGpCC,EEF1A1,0.0050067065572759,1.0,False,,,,,,,False,True,False
CHEMBL561266,23,CbGpCC,EEF1A1,0.0050067065572759,1.0,False,,,,,,,False,True,False
CHEMBL561378,23,CbGpCC,EEF1A1,0.0050067065572759,1.0,False,,,,,,,False,True,False
CHEMBL561724,23,CbGpCC,EEF1A1,0.0050067065572759,1.0,False,,,,,,,False,True,False
CHEMBL562322,23,CbGpCC,EEF1A1,0.0050067065572759,1.0,False,,,,,,,False,True,False
CHEMBL562794,23,CbGpCC,EEF1A1,0.0050067065572759,1.0,False,,,,,,,False,True,False
CHEMBL562911,23,CbGpCC,EEF1A1,0.0050067065572759,1.0,False,,,,,,,False,True,False
CHEMBL563049,23,CbGpCC,EEF1A1,0.0050067065572759,1.0,False,,,,,,,False,True,False
CHEMBL564153,23,CbGpCC,EEF1A1,0.0050067065572759,1.0,False,,,,,,,False,True,False
CHEMBL564316,23,CbGpCC,EEF1A1,0.0050067065572759,1.0,False,,,,,,,False,True,False
CHEMBL564420,23,CbGpCC,EEF1A1,0.0050067065572759,1.0,False,,,,,,,False,True,False
CHEMBL564532,23,CbGpCC,EEF1A1,0.0050067065572759,1.0,False,,,,,,,False,True,False
CHEMBL564701,23,CbGpCC,EEF1A1,0.0050067065572759,1.0,False,,,,,,,False,True,False
CHEMBL564799,23,CbGpCC,EEF1A1,0.0050067065572759,1.0,False,,,,,,,False,True,False
CHEMBL564829,23,CbGpCC,EEF1A1,0.0103068341727984,1.0,False,,,,,,,False,True,False
CHEMBL565134,23,CbGpCC,EEF1A1,0.0050067065572759,1.0,False,,,,,,,False,True,False
CHEMBL565612,23,CbGpCC,EEF1A1,0.0103068341727984,1.0,False,,,,,,,False,True,False
CHEMBL569598,23,CbGpCC,EEF1A1,0.0050067065572759,1.0,False,,,,,,,False,True,False
CHEMBL569836,23,CbGpCC,EEF1A1,0.0050067065572759,1.0,False,,,,,,,False,True,False
CHEMBL570073,23,CbGpCC,EEF1A1,0.0050067065572759,1.0,False,,,,,,,False,True,False
CHEMBL570768,23,CbGpCC,EEF1A1,0.0050067065572759,1.0,False,,,,,,,False,True,False
CHEMBL570771,23,CbGpCC,EEF1A1,0.0050067065572759,1.0,False,,,,,,,False,True,False
CHEMBL570772,23,CbGpCC,EEF1A1,0.0050067065572759,1.0,False,,,,,,,False,True,False
CHEMBL571546,23,CbGpCC,EEF1A1,0.0103068341727984,1.0,False,,,,,,,False,True,False
CHEMBL571948,23,CbGpCC,EEF1A1,0.0103068341727984,1.0,False,,,,,,,False,True,False
CHEMBL572878,23,CbGpCC,EEF1A1,0.0103068341727984,1.0,False,,,,,,,False,True,False
CHEMBL572881,23,CbGpCC,EEF1A1,0.0103068341727984,1.0,False,,,,,,,False,True,False
CHEMBL574737,23,CbGpCC,EEF1A1,0.0103068341727984,1.0,False,,,,,,,False,True,False
CHEMBL575448,23,CbGpCC,EEF1A1,0.0103068341727984,1.0,False,,,,,,,False,True,False
CHEMBL576982,23,CbGpCC,EEF1A1,0.0103068341727984,1.0,False,,,,,,,False,True,False
CHEMBL587723,23,CbGpCC,EEF1A1,0.0103068341727984,1.0,False,,,,,,,False,True,False
CHEMBL592445,23,CbGpCC,EEF1A1,0.0103068341727984,1.0,False,,,,,,,False,True,False
CHEMBL598797,23,CbGpCC,EEF1A1,0.0103068341727984,1.0,False,,,,,,,False,True,False
CHEMBL601719,23,CbGpCC,EEF1A1,0.0103068341727984,1.0,False,,,,,,,False,True,False
CHEMBL603469,23,CbGpCC,EEF1A1,0.0103068341727984,1.0,False,,,,,,,False,True,False
CHEMBL607707,23,CbGpCC,EEF1A1,0.0103068341727984,1.0,False,,,,,,,False,True,False
CHEMBL608533,23,CbGpCC,EEF1A1,0.0103068341727984,1.0,False,,,,,,,False,True,False
CHEMBL91829,23,CbGpCC,EEF1A1,0.0103068341727984,1.0,False,,,,,,,False,True,False
CHEMBL939,23,CbGpCC,EEF1A1,0.0103068341727984,1.0,False,,,,,,,False,True,False
CHEMBL941,23,CbGpCC,EEF1A1,0.0103068341727984,1.0,False,,,,,,,False,True,False
